datetime,DXY,SP500
2017-08-17,93.62000274658203,2430.010009765625
2017-08-18,93.43000030517578,2425.550048828125
2017-08-21,93.0999984741211,2428.3701171875
2017-08-22,93.55000305175781,2452.510009765625
2017-08-23,93.1500015258789,2444.0400390625
2017-08-24,93.27999877929688,2438.969970703125
2017-08-25,92.73999786376953,2443.050048828125
2017-08-28,92.20999908447266,2444.239990234375
2017-08-29,92.3499984741211,2446.300048828125
2017-08-30,92.87999725341797,2457.590087890625
2017-08-31,92.66999816894531,2471.64990234375
2017-09-01,92.80999755859375,2476.550048828125
2017-09-05,92.30999755859375,2457.85009765625
2017-09-06,92.29000091552734,2465.5400390625
2017-09-07,91.52999877929688,2465.10009765625
2017-09-08,91.33000183105469,2461.429931640625
2017-09-11,91.86000061035156,2488.110107421875
2017-09-12,91.91000366210938,2496.47998046875
2017-09-13,92.5199966430664,2498.3701171875
2017-09-14,92.12000274658203,2495.6201171875
2017-09-15,91.87000274658203,2500.22998046875
2017-09-18,92.05000305175781,2503.8701171875
2017-09-19,91.79000091552734,2506.64990234375
2017-09-20,92.51000213623047,2508.239990234375
2017-09-21,92.26000213623047,2500.60009765625
2017-09-22,92.16999816894531,2502.219970703125
2017-09-25,92.6500015258789,2496.659912109375
2017-09-26,92.97000122070312,2496.840087890625
2017-09-27,93.36000061035156,2507.0400390625
2017-09-28,93.08999633789062,2510.06005859375
2017-09-29,93.08000183105469,2519.360107421875
2017-10-02,93.55999755859375,2529.1201171875
2017-10-03,93.56999969482422,2534.580078125
2017-10-04,93.45999908447266,2537.739990234375
2017-10-05,93.95999908447266,2552.070068359375
2017-10-06,93.80000305175781,2549.330078125
2017-10-09,93.73999786376953,2544.72998046875
2017-10-10,93.29000091552734,2550.639892578125
2017-10-11,92.95999908447266,2555.239990234375
2017-10-12,93.12000274658203,2550.929931640625
2017-10-13,93.08999633789062,2553.169921875
2017-10-16,93.27999877929688,2557.639892578125
2017-10-17,93.48999786376953,2559.360107421875
2017-10-18,93.36000061035156,2561.260009765625
2017-10-19,93.2699966430664,2562.10009765625
2017-10-20,93.69999694824219,2575.2099609375
2017-10-23,93.94000244140625,2564.97998046875
2017-10-24,93.95999908447266,2569.1298828125
2017-10-25,93.70999908447266,2557.14990234375
2017-10-26,94.61000061035156,2560.39990234375
2017-10-27,94.91999816894531,2581.070068359375
2017-10-30,94.48999786376953,2572.830078125
2017-10-31,94.55000305175781,2575.260009765625
2017-11-01,94.81999969482422,2579.360107421875
2017-11-02,94.69000244140625,2579.85009765625
2017-11-03,94.94000244140625,2587.840087890625
2017-11-06,94.72000122070312,2591.1298828125
2017-11-07,94.91000366210938,2590.639892578125
2017-11-08,94.87000274658203,2594.3798828125
2017-11-09,94.44000244140625,2584.6201171875
2017-11-10,94.38999938964844,2582.300048828125
2017-11-13,94.48999786376953,2584.840087890625
2017-11-14,93.83000183105469,2578.8701171875
2017-11-15,93.80999755859375,2564.6201171875
2017-11-16,93.93000030517578,2585.639892578125
2017-11-17,93.66000366210938,2578.85009765625
2017-11-20,94.08000183105469,2582.139892578125
2017-11-21,93.94999694824219,2599.030029296875
2017-11-22,93.22000122070312,2597.080078125
2017-11-24,92.76000213623047,2602.419921875
2017-11-27,92.9000015258789,2601.419921875
2017-11-28,93.26000213623047,2627.0400390625
2017-11-29,93.26000213623047,2626.070068359375
2017-11-30,93.01000213623047,2647.580078125
2017-12-01,92.9000015258789,2642.219970703125
2017-12-04,93.19000244140625,2639.43994140625
2017-12-05,93.37999725341797,2629.570068359375
2017-12-06,93.61000061035156,2629.27001953125
2017-12-07,93.80000305175781,2636.97998046875
2017-12-08,93.9000015258789,2651.5
2017-12-11,93.87000274658203,2659.989990234375
2017-12-12,94.0999984741211,2664.110107421875
2017-12-13,93.43000030517578,2662.85009765625
2017-12-14,93.48999786376953,2652.010009765625
2017-12-15,93.93000030517578,2675.81005859375
2017-12-18,93.69999694824219,2690.159912109375
2017-12-19,93.47000122070312,2681.469970703125
2017-12-20,93.3499984741211,2679.25
2017-12-21,93.27999877929688,2684.570068359375
2017-12-22,93.3499984741211,2683.340087890625
2017-12-26,93.26000213623047,2680.5
2017-12-27,93.02999877929688,2682.6201171875
2017-12-28,92.5999984741211,2687.5400390625
2017-12-29,92.12000274658203,2673.610107421875
2018-01-02,91.8499984741211,2695.81005859375
2018-01-03,92.16000366210938,2713.06005859375
2018-01-04,91.8499984741211,2723.989990234375
2018-01-05,91.94999694824219,2743.14990234375
2018-01-08,92.33000183105469,2747.7099609375
2018-01-09,92.52999877929688,2751.2900390625
2018-01-10,92.33000183105469,2748.22998046875
2018-01-11,91.8499984741211,2767.56005859375
2018-01-12,90.97000122070312,2786.239990234375
2018-01-16,90.38999938964844,2776.419921875
2018-01-17,90.54000091552734,2802.56005859375
2018-01-18,90.5,2798.030029296875
2018-01-19,90.56999969482422,2810.300048828125
2018-01-22,90.4000015258789,2832.969970703125
2018-01-23,90.12000274658203,2839.1298828125
2018-01-24,89.20999908447266,2837.5400390625
2018-01-25,89.38999938964844,2839.25
2018-01-26,89.06999969482422,2872.8701171875
2018-01-29,89.30999755859375,2853.530029296875
2018-01-30,89.19000244140625,2822.429931640625
2018-01-31,89.12999725341797,2823.81005859375
2018-02-01,88.66999816894531,2821.97998046875
2018-02-02,89.19999694824219,2762.1298828125
2018-02-05,89.55000305175781,2648.93994140625
2018-02-06,89.58999633789062,2695.139892578125
2018-02-07,90.26000213623047,2681.659912109375
2018-02-08,90.2300033569336,2581.0
2018-02-09,90.44000244140625,2619.550048828125
2018-02-12,90.20999908447266,2656.0
2018-02-13,89.69999694824219,2662.93994140625
2018-02-14,89.12000274658203,2698.6298828125
2018-02-15,88.58999633789062,2731.199951171875
2018-02-16,89.0999984741211,2732.219970703125
2018-02-20,89.72000122070312,2716.260009765625
2018-02-21,90.08000183105469,2701.330078125
2018-02-22,89.75,2703.9599609375
2018-02-23,89.87999725341797,2747.300048828125
2018-02-26,89.81999969482422,2779.60009765625
2018-02-27,90.36000061035156,2744.280029296875
2018-02-28,90.61000061035156,2713.830078125
2018-03-01,90.31999969482422,2677.669921875
2018-03-02,89.94000244140625,2691.25
2018-03-05,90.08000183105469,2720.93994140625
2018-03-06,89.62000274658203,2728.1201171875
2018-03-07,89.63999938964844,2726.800048828125
2018-03-08,90.12000274658203,2738.969970703125
2018-03-09,90.08999633789062,2786.570068359375
2018-03-12,89.9000015258789,2783.02001953125
2018-03-13,89.66000366210938,2765.31005859375
2018-03-14,89.69999694824219,2749.47998046875
2018-03-15,90.13999938964844,2747.330078125
2018-03-16,90.2300033569336,2752.010009765625
2018-03-19,89.9000015258789,2712.919921875
2018-03-20,90.37000274658203,2716.93994140625
2018-03-21,89.77999877929688,2711.929931640625
2018-03-22,89.86000061035156,2643.68994140625
2018-03-23,89.44000244140625,2588.260009765625
2018-03-26,89.02999877929688,2658.550048828125
2018-03-27,89.37000274658203,2612.6201171875
2018-03-28,90.05999755859375,2605.0
2018-03-29,90.1500015258789,2640.8701171875
2018-04-02,90.05000305175781,2581.8798828125
2018-04-03,90.19999694824219,2614.449951171875
2018-04-04,90.13999938964844,2644.68994140625
2018-04-05,90.45999908447266,2662.840087890625
2018-04-06,90.11000061035156,2604.469970703125
2018-04-09,89.83999633789062,2613.159912109375
2018-04-10,89.58999633789062,2656.8701171875
2018-04-11,89.56999969482422,2642.18994140625
2018-04-12,89.75,2663.989990234375
2018-04-13,89.80000305175781,2656.300048828125
2018-04-16,89.43000030517578,2677.840087890625
2018-04-17,89.5199966430664,2706.389892578125
2018-04-18,89.62000274658203,2708.639892578125
2018-04-19,89.94000244140625,2693.1298828125
2018-04-20,90.31999969482422,2670.139892578125
2018-04-23,90.94000244140625,2670.2900390625
2018-04-24,90.7699966430664,2634.56005859375
2018-04-25,91.16999816894531,2639.39990234375
2018-04-26,91.55999755859375,2666.93994140625
2018-04-27,91.54000091552734,2669.909912109375
2018-04-30,91.83999633789062,2648.050048828125
2018-05-01,92.44999694824219,2654.800048828125
2018-05-02,92.51000213623047,2635.669921875
2018-05-03,92.41000366210938,2629.72998046875
2018-05-04,92.56999969482422,2663.419921875
2018-05-07,92.75,2672.6298828125
2018-05-08,93.12000274658203,2671.919921875
2018-05-09,93.04000091552734,2697.7900390625
2018-05-10,92.6500015258789,2723.070068359375
2018-05-11,92.54000091552734,2727.719970703125
2018-05-14,92.58999633789062,2730.1298828125
2018-05-15,93.22000122070312,2711.449951171875
2018-05-16,93.38999938964844,2722.4599609375
2018-05-17,93.47000122070312,2720.1298828125
2018-05-18,93.63999938964844,2712.969970703125
2018-05-21,93.68000030517578,2733.010009765625
2018-05-22,93.61000061035156,2724.43994140625
2018-05-23,94.01000213623047,2733.2900390625
2018-05-24,93.77999877929688,2727.760009765625
2018-05-25,94.19000244140625,2721.330078125
2018-05-29,94.83000183105469,2689.860107421875
2018-05-30,94.1500015258789,2724.010009765625
2018-05-31,93.98999786376953,2705.27001953125
2018-06-01,94.19000244140625,2734.6201171875
2018-06-04,94.0199966430664,2746.8701171875
2018-06-05,93.88999938964844,2748.800048828125
2018-06-06,93.66000366210938,2772.35009765625
2018-06-07,93.4000015258789,2770.3701171875
2018-06-08,93.55000305175781,2779.030029296875
2018-06-11,93.58000183105469,2782.0
2018-06-12,93.80000305175781,2786.85009765625
2018-06-13,93.70999908447266,2775.6298828125
2018-06-14,94.7699966430664,2782.489990234375
2018-06-15,94.79000091552734,2779.659912109375
2018-06-18,94.75,2773.75
2018-06-19,95.08999633789062,2762.590087890625
2018-06-20,95.05999755859375,2767.320068359375
2018-06-21,94.87000274658203,2749.760009765625
2018-06-22,94.5199966430664,2754.8798828125
2018-06-25,94.27999877929688,2717.070068359375
2018-06-26,94.68000030517578,2723.06005859375
2018-06-27,95.29000091552734,2699.6298828125
2018-06-28,95.38999938964844,2716.31005859375
2018-06-29,94.62999725341797,2718.3701171875
2018-07-02,94.87000274658203,2726.7099609375
2018-07-03,94.58999633789062,2713.219970703125
2018-07-05,94.47000122070312,2736.610107421875
2018-07-06,94.04000091552734,2759.820068359375
2018-07-09,94.08000183105469,2784.169921875
2018-07-10,94.11000061035156,2793.840087890625
2018-07-11,94.72000122070312,2774.02001953125
2018-07-12,94.80999755859375,2798.2900390625
2018-07-13,94.75,2801.31005859375
2018-07-16,94.51000213623047,2798.429931640625
2018-07-17,94.97000122070312,2809.550048828125
2018-07-18,95.08000183105469,2815.6201171875
2018-07-19,95.16999816894531,2804.489990234375
2018-07-20,94.45999908447266,2801.830078125
2018-07-23,94.66999816894531,2806.97998046875
2018-07-24,94.61000061035156,2820.39990234375
2018-07-25,94.36000061035156,2846.070068359375
2018-07-26,94.75,2837.43994140625
2018-07-27,94.68000030517578,2818.820068359375
2018-07-30,94.36000061035156,2802.60009765625
2018-07-31,94.48999786376953,2816.2900390625
2018-08-01,94.62000274658203,2813.360107421875
2018-08-02,95.16999816894531,2827.219970703125
2018-08-03,95.13999938964844,2840.35009765625
2018-08-06,95.36000061035156,2850.39990234375
2018-08-07,95.22000122070312,2858.449951171875
2018-08-08,95.0999984741211,2857.699951171875
2018-08-09,95.5,2853.580078125
2018-08-10,96.36000061035156,2833.280029296875
2018-08-13,96.38999938964844,2821.929931640625
2018-08-14,96.7300033569336,2839.9599609375
2018-08-15,96.69999694824219,2818.3701171875
2018-08-16,96.6500015258789,2840.68994140625
2018-08-17,96.0999984741211,2850.1298828125
2018-08-20,95.9000015258789,2857.050048828125
2018-08-21,95.26000213623047,2862.9599609375
2018-08-22,95.1500015258789,2861.820068359375
2018-08-23,95.62000274658203,2856.97998046875
2018-08-24,95.1500015258789,2874.68994140625
2018-08-27,94.77999877929688,2896.739990234375
2018-08-28,94.72000122070312,2897.52001953125
2018-08-29,94.5999984741211,2914.0400390625
2018-08-30,94.72000122070312,2901.1298828125
2018-08-31,95.13999938964844,2901.52001953125
2018-09-04,95.41999816894531,2896.719970703125
2018-09-05,95.12999725341797,2888.60009765625
2018-09-06,95.0199966430664,2878.050048828125
2018-09-07,95.37000274658203,2871.679931640625
2018-09-10,95.1500015258789,2877.1298828125
2018-09-11,95.05999755859375,2887.889892578125
2018-09-12,94.80000305175781,2888.919921875
2018-09-13,94.54000091552734,2904.179931640625
2018-09-14,94.9800033569336,2904.97998046875
2018-09-17,94.51000213623047,2888.800048828125
2018-09-18,94.62000274658203,2904.31005859375
2018-09-19,94.55000305175781,2907.949951171875
2018-09-20,93.91000366210938,2930.75
2018-09-21,94.22000122070312,2929.669921875
2018-09-24,94.26000213623047,2919.3701171875
2018-09-25,94.12999725341797,2915.56005859375
2018-09-26,94.19000244140625,2905.969970703125
2018-09-27,95.0,2914.0
2018-09-28,95.19000244140625,2913.97998046875
2018-10-01,95.30000305175781,2924.590087890625
2018-10-02,95.51000213623047,2923.429931640625
2018-10-03,95.76000213623047,2925.510009765625
2018-10-04,95.75,2901.610107421875
2018-10-05,95.62000274658203,2885.570068359375
2018-10-08,95.7699966430664,2884.429931640625
2018-10-09,95.68000030517578,2880.340087890625
2018-10-10,95.51000213623047,2785.679931640625
2018-10-11,95.0199966430664,2728.3701171875
2018-10-12,95.22000122070312,2767.1298828125
2018-10-15,95.06999969482422,2750.7900390625
2018-10-16,95.05000305175781,2809.919921875
2018-10-17,95.58000183105469,2809.2099609375
2018-10-18,95.9000015258789,2768.780029296875
2018-10-19,95.70999908447266,2767.780029296875
2018-10-22,96.01000213623047,2755.8798828125
2018-10-23,95.95999908447266,2740.68994140625
2018-10-24,96.43000030517578,2656.10009765625
2018-10-25,96.68000030517578,2705.570068359375
2018-10-26,96.36000061035156,2658.68994140625
2018-10-29,96.58000183105469,2641.25
2018-10-30,97.01000213623047,2682.6298828125
2018-10-31,97.12999725341797,2711.739990234375
2018-11-01,96.27999877929688,2740.3701171875
2018-11-02,96.54000091552734,2723.06005859375
2018-11-05,96.3499984741211,2738.31005859375
2018-11-06,96.31999969482422,2755.449951171875
2018-11-07,96.0,2813.889892578125
2018-11-08,96.63999938964844,2806.830078125
2018-11-09,96.91000366210938,2781.010009765625
2018-11-12,97.54000091552734,2726.219970703125
2018-11-13,97.30000305175781,2722.179931640625
2018-11-14,96.80000305175781,2701.580078125
2018-11-15,96.93000030517578,2730.199951171875
2018-11-16,96.47000122070312,2736.27001953125
2018-11-19,96.19000244140625,2690.72998046875
2018-11-20,96.80999755859375,2641.889892578125
2018-11-21,96.70999908447266,2649.929931640625
2018-11-23,96.91999816894531,2632.56005859375
2018-11-26,97.06999969482422,2673.449951171875
2018-11-27,97.37000274658203,2682.169921875
2018-11-28,96.79000091552734,2743.7900390625
2018-11-29,96.77999877929688,2737.800048828125
2018-11-30,97.2699966430664,2760.169921875
2018-12-03,97.04000091552734,2790.3701171875
2018-12-04,96.97000122070312,2700.06005859375
2018-12-06,96.80999755859375,2695.949951171875
2018-12-07,96.51000213623047,2633.080078125
2018-12-10,97.22000122070312,2637.719970703125
2018-12-11,97.38999938964844,2636.780029296875
2018-12-12,97.04000091552734,2651.070068359375
2018-12-13,97.05999755859375,2650.5400390625
2018-12-14,97.44000244140625,2599.949951171875
2018-12-17,97.0999984741211,2545.93994140625
2018-12-18,97.13999938964844,2546.159912109375
2018-12-19,97.04000091552734,2506.9599609375
2018-12-20,96.27999877929688,2467.419921875
2018-12-21,96.95999908447266,2416.6201171875
2018-12-24,96.55000305175781,2351.10009765625
2018-12-26,97.05000305175781,2467.699951171875
2018-12-27,96.4800033569336,2488.830078125
2018-12-28,96.38999938964844,2485.739990234375
2018-12-31,96.16999816894531,2506.85009765625
2019-01-02,96.81999969482422,2510.030029296875
2019-01-03,96.30999755859375,2447.889892578125
2019-01-04,96.19000244140625,2531.93994140625
2019-01-07,95.70999908447266,2549.68994140625
2019-01-08,95.9000015258789,2574.409912109375
2019-01-09,95.22000122070312,2584.9599609375
2019-01-10,95.54000091552734,2596.639892578125
2019-01-11,95.66999816894531,2596.260009765625
2019-01-14,95.58999633789062,2582.610107421875
2019-01-15,95.97000122070312,2610.300048828125
2019-01-16,96.05999755859375,2616.10009765625
2019-01-17,96.06999969482422,2635.9599609375
2019-01-18,96.33999633789062,2670.7099609375
2019-01-22,96.30000305175781,2632.89990234375
2019-01-23,96.12000274658203,2638.699951171875
2019-01-24,96.5999984741211,2642.330078125
2019-01-25,95.79000091552734,2664.760009765625
2019-01-28,95.75,2643.85009765625
2019-01-29,95.81999969482422,2640.0
2019-01-30,95.33999633789062,2681.050048828125
2019-01-31,95.58000183105469,2704.10009765625
2019-02-01,95.58000183105469,2706.530029296875
2019-02-04,95.8499984741211,2724.8701171875
2019-02-05,96.0999984741211,2737.699951171875
2019-02-06,96.41999816894531,2731.610107421875
2019-02-07,96.51000213623047,2706.050048828125
2019-02-08,96.63999938964844,2707.8798828125
2019-02-11,97.05999755859375,2709.800048828125
2019-02-12,96.70999908447266,2744.72998046875
2019-02-13,97.12999725341797,2753.030029296875
2019-02-14,96.9800033569336,2745.72998046875
2019-02-15,96.91999816894531,2775.60009765625
2019-02-19,96.5199966430664,2779.760009765625
2019-02-20,96.44999694824219,2784.699951171875
2019-02-21,96.61000061035156,2774.8798828125
2019-02-22,96.51000213623047,2792.669921875
2019-02-25,96.41000366210938,2796.110107421875
2019-02-26,96.0,2793.89990234375
2019-02-27,96.1500015258789,2792.3798828125
2019-02-28,96.16000366210938,2784.489990234375
2019-03-01,96.52999877929688,2803.68994140625
2019-03-04,96.68000030517578,2792.81005859375
2019-03-05,96.8499984741211,2789.64990234375
2019-03-06,96.87000274658203,2771.449951171875
2019-03-07,97.66999816894531,2748.929931640625
2019-03-08,97.37000274658203,2743.070068359375
2019-03-11,97.22000122070312,2783.300048828125
2019-03-12,96.94000244140625,2791.52001953125
2019-03-13,96.55000305175781,2810.919921875
2019-03-14,96.79000091552734,2808.47998046875
2019-03-15,96.5999984741211,2822.47998046875
2019-03-18,96.5199966430664,2832.93994140625
2019-03-19,96.37999725341797,2832.570068359375
2019-03-20,95.76000213623047,2824.22998046875
2019-03-21,96.5,2854.8798828125
2019-03-22,96.6500015258789,2800.7099609375
2019-03-25,96.56999969482422,2798.360107421875
2019-03-26,96.73999786376953,2818.4599609375
2019-03-27,96.7699966430664,2805.3701171875
2019-03-28,97.19999694824219,2815.43994140625
2019-03-29,97.27999877929688,2834.39990234375
2019-04-01,97.25,2867.18994140625
2019-04-02,97.36000061035156,2867.239990234375
2019-04-03,97.08999633789062,2873.39990234375
2019-04-04,97.30999755859375,2879.389892578125
2019-04-05,97.4000015258789,2892.739990234375
2019-04-08,97.05000305175781,2895.77001953125
2019-04-09,97.01000213623047,2878.199951171875
2019-04-10,96.94999694824219,2888.2099609375
2019-04-11,97.18000030517578,2888.320068359375
2019-04-12,96.97000122070312,2907.409912109375
2019-04-15,96.94000244140625,2905.580078125
2019-04-16,97.04000091552734,2907.06005859375
2019-04-17,97.01000213623047,2900.449951171875
2019-04-18,97.47000122070312,2905.030029296875
2019-04-22,97.27999877929688,2907.969970703125
2019-04-23,97.56999969482422,2933.679931640625
2019-04-24,98.0999984741211,2927.25
2019-04-25,98.19999694824219,2926.169921875
2019-04-26,98.01000213623047,2939.8798828125
2019-04-29,97.86000061035156,2943.030029296875
2019-04-30,97.4800033569336,2945.830078125
2019-05-01,97.69000244140625,2923.72998046875
2019-05-02,97.83000183105469,2917.52001953125
2019-05-03,97.5199966430664,2945.639892578125
2019-05-06,97.5199966430664,2932.469970703125
2019-05-07,97.62999725341797,2884.050048828125
2019-05-08,97.62000274658203,2879.419921875
2019-05-09,97.37000274658203,2870.719970703125
2019-05-10,97.33000183105469,2881.39990234375
2019-05-13,97.31999969482422,2811.8701171875
2019-05-14,97.52999877929688,2834.409912109375
2019-05-15,97.56999969482422,2850.9599609375
2019-05-16,97.83999633789062,2876.320068359375
2019-05-17,98.0,2859.530029296875
2019-05-20,97.93000030517578,2840.22998046875
2019-05-21,98.05999755859375,2864.360107421875
2019-05-22,98.11000061035156,2856.27001953125
2019-05-23,97.8499984741211,2822.239990234375
2019-05-24,97.61000061035156,2826.06005859375
2019-05-28,97.95999908447266,2802.389892578125
2019-05-29,98.13999938964844,2783.02001953125
2019-05-30,98.13999938964844,2788.860107421875
2019-05-31,97.75,2752.06005859375
2019-06-03,97.13999938964844,2744.449951171875
2019-06-04,97.06999969482422,2803.27001953125
2019-06-05,97.37000274658203,2826.14990234375
2019-06-06,97.02999877929688,2843.489990234375
2019-06-07,96.61000061035156,2873.340087890625
2019-06-10,96.76000213623047,2886.72998046875
2019-06-11,96.69000244140625,2885.719970703125
2019-06-12,97.0,2879.840087890625
2019-06-13,97.01000213623047,2891.639892578125
2019-06-14,97.56999969482422,2886.97998046875
2019-06-17,97.55999755859375,2889.669921875
2019-06-18,97.63999938964844,2917.75
2019-06-19,97.12000274658203,2926.4599609375
2019-06-20,96.62999725341797,2954.179931640625
2019-06-21,96.22000122070312,2950.4599609375
2019-06-24,95.9800033569336,2945.35009765625
2019-06-25,96.16000366210938,2917.3798828125
2019-06-26,96.20999908447266,2913.780029296875
2019-06-27,96.19000244140625,2924.919921875
2019-06-28,96.12999725341797,2941.760009765625
2019-07-01,96.83999633789062,2964.330078125
2019-07-02,96.7300033569336,2973.010009765625
2019-07-03,96.7699966430664,2995.820068359375
2019-07-05,97.25,2990.409912109375
2019-07-08,97.37999725341797,2975.949951171875
2019-07-09,97.48999786376953,2979.6298828125
2019-07-10,97.0999984741211,2993.070068359375
2019-07-11,97.05000305175781,2999.909912109375
2019-07-12,96.80999755859375,3013.77001953125
2019-07-15,96.93000030517578,3014.300048828125
2019-07-16,97.4000015258789,3004.0400390625
2019-07-17,97.22000122070312,2984.419921875
2019-07-18,96.79000091552734,2995.110107421875
2019-07-19,97.1500015258789,2976.610107421875
2019-07-22,97.26000213623047,2985.030029296875
2019-07-23,97.70999908447266,3005.469970703125
2019-07-24,97.7300033569336,3019.56005859375
2019-07-25,97.81999969482422,3003.669921875
2019-07-26,98.01000213623047,3025.860107421875
2019-07-29,98.04000091552734,3020.969970703125
2019-07-30,98.05000305175781,3013.179931640625
2019-07-31,98.5199966430664,2980.3798828125
2019-08-01,98.38999938964844,2953.56005859375
2019-08-02,98.0999984741211,2932.050048828125
2019-08-05,97.5,2844.739990234375
2019-08-06,97.62999725341797,2881.77001953125
2019-08-07,97.54000091552734,2883.97998046875
2019-08-08,97.62000274658203,2938.090087890625
2019-08-09,97.48999786376953,2918.64990234375
2019-08-12,97.37999725341797,2882.699951171875
2019-08-13,97.80999755859375,2926.320068359375
2019-08-14,97.98999786376953,2840.60009765625
2019-08-15,98.13999938964844,2847.60009765625
2019-08-16,98.13999938964844,2888.679931640625
2019-08-19,98.3499984741211,2923.64990234375
2019-08-20,98.19000244140625,2900.510009765625
2019-08-21,98.30000305175781,2924.429931640625
2019-08-22,98.16999816894531,2922.949951171875
2019-08-23,97.63999938964844,2847.110107421875
2019-08-26,98.08000183105469,2878.3798828125
2019-08-27,98.0,2869.159912109375
2019-08-28,98.20999908447266,2887.93994140625
2019-08-29,98.51000213623047,2924.580078125
2019-08-30,98.91999816894531,2926.4599609375
2019-09-03,98.94999694824219,2906.27001953125
2019-09-04,98.44999694824219,2937.780029296875
2019-09-05,98.41000366210938,2976.0
2019-09-06,98.38999938964844,2978.7099609375
2019-09-09,98.27999877929688,2978.429931640625
2019-09-10,98.33000183105469,2979.389892578125
2019-09-11,98.6500015258789,3000.929931640625
2019-09-12,98.30999755859375,3009.570068359375
2019-09-13,98.26000213623047,3007.389892578125
2019-09-16,98.6500015258789,2997.9599609375
2019-09-17,98.26000213623047,3005.699951171875
2019-09-18,98.5999984741211,3006.72998046875
2019-09-19,98.2699966430664,3006.7900390625
2019-09-20,98.51000213623047,2992.070068359375
2019-09-23,98.5999984741211,2991.780029296875
2019-09-24,98.33999633789062,2966.60009765625
2019-09-25,99.04000091552734,2984.8701171875
2019-09-26,99.20999908447266,2977.6201171875
2019-09-27,99.11000061035156,2961.7900390625
2019-09-30,99.37999725341797,2976.739990234375
2019-10-01,99.12999725341797,2940.25
2019-10-02,99.04000091552734,2887.610107421875
2019-10-03,98.86000061035156,2910.6298828125
2019-10-04,98.80999755859375,2952.010009765625
2019-10-07,98.98999786376953,2938.7900390625
2019-10-08,99.13999938964844,2893.06005859375
2019-10-09,99.12000274658203,2919.39990234375
2019-10-10,98.70999908447266,2938.1298828125
2019-10-11,98.30000305175781,2970.27001953125
2019-10-14,98.44999694824219,2966.14990234375
2019-10-15,98.29000091552734,2995.679931640625
2019-10-16,98.01000213623047,2989.68994140625
2019-10-17,97.61000061035156,2997.949951171875
2019-10-18,97.27999877929688,2986.199951171875
2019-10-21,97.33000183105469,3006.719970703125
2019-10-22,97.52999877929688,2995.989990234375
2019-10-23,97.47000122070312,3004.52001953125
2019-10-24,97.62999725341797,3010.2900390625
2019-10-25,97.83000183105469,3022.550048828125
2019-10-28,97.76000213623047,3039.419921875
2019-10-29,97.69000244140625,3036.889892578125
2019-10-30,97.6500015258789,3046.77001953125
2019-10-31,97.3499984741211,3037.56005859375
2019-11-01,97.23999786376953,3066.909912109375
2019-11-04,97.51000213623047,3078.27001953125
2019-11-05,97.9800033569336,3074.6201171875
2019-11-06,97.94999694824219,3076.780029296875
2019-11-07,98.13999938964844,3085.179931640625
2019-11-08,98.3499984741211,3093.080078125
2019-11-11,98.19999694824219,3087.010009765625
2019-11-12,98.30999755859375,3091.840087890625
2019-11-13,98.37000274658203,3094.0400390625
2019-11-14,98.16000366210938,3096.6298828125
2019-11-15,98.0,3120.4599609375
2019-11-18,97.79000091552734,3122.030029296875
2019-11-19,97.86000061035156,3120.179931640625
2019-11-20,97.93000030517578,3108.4599609375
2019-11-21,97.98999786376953,3103.5400390625
2019-11-22,98.2699966430664,3110.2900390625
2019-11-25,98.31999969482422,3133.639892578125
2019-11-26,98.25,3140.52001953125
2019-11-27,98.41000366210938,3153.6298828125
2019-11-29,98.2699966430664,3140.97998046875
2019-12-02,97.86000061035156,3113.8701171875
2019-12-03,97.73999786376953,3093.199951171875
2019-12-04,97.6500015258789,3112.760009765625
2019-12-05,97.41000366210938,3117.429931640625
2019-12-06,97.69999694824219,3145.909912109375
2019-12-09,97.63999938964844,3135.9599609375
2019-12-10,97.41000366210938,3132.52001953125
2019-12-11,97.16000366210938,3141.6298828125
2019-12-12,97.4000015258789,3168.570068359375
2019-12-13,97.16999816894531,3168.800048828125
2019-12-16,97.06999969482422,3191.449951171875
2019-12-17,97.20999908447266,3192.52001953125
2019-12-18,97.41000366210938,3191.139892578125
2019-12-19,97.41999816894531,3205.3701171875
2019-12-20,97.70999908447266,3221.219970703125
2019-12-23,97.66000366210938,3224.010009765625
2019-12-24,97.6500015258789,3223.3798828125
2019-12-26,97.58999633789062,3239.909912109375
2019-12-27,96.91999816894531,3240.02001953125
2019-12-30,96.73999786376953,3221.2900390625
2019-12-31,96.38999938964844,3230.780029296875
2020-01-02,96.8499984741211,3257.85009765625
2020-01-03,96.83999633789062,3234.85009765625
2020-01-06,96.66999816894531,3246.280029296875
2020-01-07,96.9800033569336,3237.179931640625
2020-01-08,97.30000305175781,3253.050048828125
2020-01-09,97.44999694824219,3274.699951171875
2020-01-10,97.36000061035156,3265.35009765625
2020-01-13,97.3499984741211,3288.1298828125
2020-01-14,97.37000274658203,3283.14990234375
2020-01-15,97.2300033569336,3289.2900390625
2020-01-16,97.31999969482422,3316.81005859375
2020-01-17,97.61000061035156,3329.6201171875
2020-01-21,97.52999877929688,3320.7900390625
2020-01-22,97.52999877929688,3321.75
2020-01-23,97.69000244140625,3325.5400390625
2020-01-24,97.8499984741211,3295.469970703125
2020-01-27,97.95999908447266,3243.6298828125
2020-01-28,98.0199966430664,3276.239990234375
2020-01-29,97.98999786376953,3273.39990234375
2020-01-30,97.87000274658203,3283.659912109375
2020-01-31,97.38999938964844,3225.52001953125
2020-02-03,97.80000305175781,3248.919921875
2020-02-04,97.95999908447266,3297.590087890625
2020-02-05,98.2699966430664,3334.68994140625
2020-02-06,98.5,3345.780029296875
2020-02-07,98.68000030517578,3327.7099609375
2020-02-10,98.83000183105469,3352.090087890625
2020-02-11,98.72000122070312,3357.75
2020-02-12,99.05000305175781,3379.449951171875
2020-02-13,99.06999969482422,3373.93994140625
2020-02-14,99.12000274658203,3380.159912109375
2020-02-18,99.45999908447266,3370.2900390625
2020-02-19,99.5999984741211,3386.14990234375
2020-02-20,99.87000274658203,3373.22998046875
2020-02-21,99.26000213623047,3337.75
2020-02-24,99.29000091552734,3225.889892578125
2020-02-25,98.97000122070312,3128.2099609375
2020-02-26,99.0,3116.389892578125
2020-02-27,98.44000244140625,2978.760009765625
2020-02-28,98.12999725341797,2954.219970703125
2020-03-02,97.36000061035156,3090.22998046875
2020-03-03,97.1500015258789,3003.3701171875
2020-03-04,97.33999633789062,3130.1201171875
2020-03-05,96.81999969482422,3023.93994140625
2020-03-06,95.94999694824219,2972.3701171875
2020-03-09,94.9000015258789,2746.56005859375
2020-03-10,96.41000366210938,2882.22998046875
2020-03-11,96.51000213623047,2741.3798828125
2020-03-12,97.47000122070312,2480.639892578125
2020-03-13,98.75,2711.02001953125
2020-03-16,98.08999633789062,2386.1298828125
2020-03-17,99.58000183105469,2529.18994140625
2020-03-18,101.16000366210938,2398.10009765625
2020-03-19,102.76000213623047,2409.389892578125
2020-03-20,102.81999969482422,2304.919921875
2020-03-23,102.48999786376953,2237.39990234375
2020-03-24,101.73999786376953,2447.330078125
2020-03-25,101.05000305175781,2475.56005859375
2020-03-26,99.41999816894531,2630.070068359375
2020-03-27,98.37000274658203,2541.469970703125
2020-03-30,99.18000030517578,2626.64990234375
2020-03-31,99.05000305175781,2584.590087890625
2020-04-01,99.66999816894531,2470.5
2020-04-02,100.18000030517578,2526.89990234375
2020-04-03,100.58000183105469,2488.64990234375
2020-04-06,100.69000244140625,2663.679931640625
2020-04-07,99.9800033569336,2659.409912109375
2020-04-08,100.12000274658203,2749.97998046875
2020-04-09,99.5199966430664,2789.820068359375
2020-04-13,99.3499984741211,2761.6298828125
2020-04-14,98.88999938964844,2846.06005859375
2020-04-15,99.45999908447266,2783.360107421875
2020-04-16,100.02999877929688,2799.550048828125
2020-04-17,99.77999877929688,2874.56005859375
2020-04-20,99.95999908447266,2823.159912109375
2020-04-21,100.26000213623047,2736.56005859375
2020-04-22,100.38999938964844,2799.31005859375
2020-04-23,100.43000030517578,2797.800048828125
2020-04-24,100.37999725341797,2836.739990234375
2020-04-27,100.04000091552734,2878.47998046875
2020-04-28,99.87000274658203,2863.389892578125
2020-04-29,99.56999969482422,2939.510009765625
2020-04-30,99.0199966430664,2912.429931640625
2020-05-01,98.80000305175781,2830.7099609375
2020-05-04,99.4800033569336,2842.739990234375
2020-05-05,99.70999908447266,2868.43994140625
2020-05-06,100.08999633789062,2848.419921875
2020-05-07,99.88999938964844,2881.18994140625
2020-05-08,99.7300033569336,2929.800048828125
2020-05-11,100.23999786376953,2930.18994140625
2020-05-12,99.93000030517578,2870.1201171875
2020-05-13,100.23999786376953,2820.0
2020-05-14,100.47000122070312,2852.5
2020-05-15,100.4000015258789,2863.699951171875
2020-05-18,99.66999816894531,2953.909912109375
2020-05-19,99.37000274658203,2922.93994140625
2020-05-20,99.12000274658203,2971.610107421875
2020-05-21,99.37000274658203,2948.510009765625
2020-05-22,99.86000061035156,2955.449951171875
2020-05-26,98.91000366210938,2991.77001953125
2020-05-27,99.05999755859375,3036.1298828125
2020-05-28,98.37999725341797,3029.72998046875
2020-05-29,98.33999633789062,3044.31005859375
2020-06-01,97.83000183105469,3055.72998046875
2020-06-02,97.66999816894531,3080.820068359375
2020-06-03,97.27999877929688,3122.8701171875
2020-06-04,96.68000030517578,3112.35009765625
2020-06-05,96.94000244140625,3193.929931640625
2020-06-08,96.62000274658203,3232.389892578125
2020-06-09,96.31999969482422,3207.179931640625
2020-06-10,95.95999908447266,3190.139892578125
2020-06-11,96.7300033569336,3002.10009765625
2020-06-12,97.31999969482422,3041.31005859375
2020-06-15,96.68000030517578,3066.590087890625
2020-06-16,96.95999908447266,3124.739990234375
2020-06-17,97.16000366210938,3113.489990234375
2020-06-18,97.41999816894531,3115.340087890625
2020-06-19,97.62000274658203,3097.739990234375
2020-06-22,97.04000091552734,3117.860107421875
2020-06-23,96.69000244140625,3131.2900390625
2020-06-24,97.1500015258789,3050.330078125
2020-06-25,97.43000030517578,3083.760009765625
2020-06-26,97.5,3009.050048828125
2020-06-29,97.54000091552734,3053.239990234375
2020-06-30,97.38999938964844,3100.2900390625
2020-07-01,97.19999694824219,3115.860107421875
2020-07-02,97.31999969482422,3130.010009765625
2020-07-06,96.79000091552734,3179.719970703125
2020-07-07,96.87999725341797,3145.320068359375
2020-07-08,96.43000030517578,3169.93994140625
2020-07-09,96.69999694824219,3152.050048828125
2020-07-10,96.6500015258789,3185.0400390625
2020-07-13,96.45999908447266,3155.219970703125
2020-07-14,96.26000213623047,3197.52001953125
2020-07-15,96.08000183105469,3226.56005859375
2020-07-16,96.3499984741211,3215.570068359375
2020-07-17,95.94000244140625,3224.72998046875
2020-07-20,95.83000183105469,3251.840087890625
2020-07-21,95.12000274658203,3257.300048828125
2020-07-22,94.97000122070312,3276.02001953125
2020-07-23,94.69000244140625,3235.659912109375
2020-07-24,94.44000244140625,3215.6298828125
2020-07-27,93.66999816894531,3239.409912109375
2020-07-28,93.76000213623047,3218.43994140625
2020-07-29,93.26000213623047,3258.43994140625
2020-07-30,93.0199966430664,3246.219970703125
2020-07-31,93.48999786376953,3271.1201171875
2020-08-03,93.5,3294.610107421875
2020-08-04,93.37999725341797,3306.510009765625
2020-08-05,92.83000183105469,3327.77001953125
2020-08-06,92.79000091552734,3349.159912109375
2020-08-07,93.44000244140625,3351.280029296875
2020-08-10,93.58000183105469,3360.469970703125
2020-08-11,93.62999725341797,3333.68994140625
2020-08-12,93.44000244140625,3380.35009765625
2020-08-13,93.33999633789062,3373.429931640625
2020-08-14,93.0999984741211,3372.85009765625
2020-08-17,92.8499984741211,3381.989990234375
2020-08-18,92.2699966430664,3389.780029296875
2020-08-19,92.88999938964844,3374.85009765625
2020-08-20,92.79000091552734,3385.510009765625
2020-08-21,93.25,3397.159912109375
2020-08-24,93.30000305175781,3431.280029296875
2020-08-25,93.0199966430664,3443.6201171875
2020-08-26,93.01000213623047,3478.72998046875
2020-08-27,93.01000213623047,3484.550048828125
2020-08-28,92.37000274658203,3508.010009765625
2020-08-31,92.13999938964844,3500.31005859375
2020-09-01,92.33999633789062,3526.64990234375
2020-09-02,92.8499984741211,3580.840087890625
2020-09-03,92.73999786376953,3455.06005859375
2020-09-04,92.72000122070312,3426.9599609375
2020-09-08,93.4800033569336,3331.840087890625
2020-09-09,93.26000213623047,3398.9599609375
2020-09-10,93.33999633789062,3339.18994140625
2020-09-11,93.33000183105469,3340.969970703125
2020-09-14,93.06999969482422,3383.5400390625
2020-09-15,93.05000305175781,3401.199951171875
2020-09-16,93.20999908447266,3385.489990234375
2020-09-17,92.97000122070312,3357.010009765625
2020-09-18,92.93000030517578,3319.469970703125
2020-09-21,93.54000091552734,3281.06005859375
2020-09-22,93.98999786376953,3315.570068359375
2020-09-23,94.38999938964844,3236.919921875
2020-09-24,94.3499984741211,3246.590087890625
2020-09-25,94.58000183105469,3298.4599609375
2020-09-28,94.26000213623047,3351.60009765625
2020-09-29,93.88999938964844,3335.469970703125
2020-09-30,93.88999938964844,3363.0
2020-10-01,93.70999908447266,3380.800048828125
2020-10-02,93.83999633789062,3348.419921875
2020-10-05,93.51000213623047,3408.60009765625
2020-10-06,93.83000183105469,3360.969970703125
2020-10-07,93.62999725341797,3419.43994140625
2020-10-08,93.61000061035156,3446.830078125
2020-10-09,93.05999755859375,3477.139892578125
2020-10-12,93.06999969482422,3534.219970703125
2020-10-13,93.52999877929688,3511.929931640625
2020-10-14,93.37999725341797,3488.669921875
2020-10-15,93.86000061035156,3483.340087890625
2020-10-16,93.68000030517578,3483.81005859375
2020-10-19,93.43000030517578,3426.919921875
2020-10-20,93.06999969482422,3443.1201171875
2020-10-21,92.61000061035156,3435.56005859375
2020-10-22,92.94999694824219,3453.489990234375
2020-10-23,92.7699966430664,3465.389892578125
2020-10-26,93.05000305175781,3400.969970703125
2020-10-27,92.94000244140625,3390.679931640625
2020-10-28,93.41000366210938,3271.030029296875
2020-10-29,93.95999908447266,3310.110107421875
2020-10-30,94.04000091552734,3269.9599609375
2020-11-02,94.05000305175781,3310.239990234375
2020-11-03,93.55000305175781,3369.159912109375
2020-11-04,93.41000366210938,3443.43994140625
2020-11-05,92.52999877929688,3510.449951171875
2020-11-06,92.2300033569336,3509.43994140625
2020-11-09,92.7300033569336,3550.5
2020-11-10,92.75,3545.530029296875
2020-11-11,93.04000091552734,3572.659912109375
2020-11-12,92.95999908447266,3537.010009765625
2020-11-13,92.76000213623047,3585.14990234375
2020-11-16,92.56999969482422,3626.909912109375
2020-11-17,92.41999816894531,3609.530029296875
2020-11-18,92.31999969482422,3567.7900390625
2020-11-19,92.29000091552734,3581.8701171875
2020-11-20,92.38999938964844,3557.5400390625
2020-11-23,92.51000213623047,3577.590087890625
2020-11-24,92.2300033569336,3635.409912109375
2020-11-25,91.98999786376953,3629.64990234375
2020-11-27,91.79000091552734,3638.35009765625
2020-11-30,91.87000274658203,3621.6298828125
2020-12-01,91.30999755859375,3662.449951171875
2020-12-02,91.12000274658203,3669.010009765625
2020-12-03,90.70999908447266,3666.719970703125
2020-12-04,90.69999694824219,3699.1201171875
2020-12-07,90.79000091552734,3691.9599609375
2020-12-08,90.97000122070312,3702.25
2020-12-09,91.08999633789062,3672.820068359375
2020-12-10,90.79000091552734,3668.10009765625
2020-12-11,90.9800033569336,3663.4599609375
2020-12-14,90.70999908447266,3647.489990234375
2020-12-15,90.47000122070312,3694.6201171875
2020-12-16,90.44999694824219,3701.169921875
2020-12-17,89.81999969482422,3722.47998046875
2020-12-18,90.0199966430664,3709.409912109375
2020-12-21,90.04000091552734,3694.919921875
2020-12-22,90.6500015258789,3687.260009765625
2020-12-23,90.41000366210938,3690.010009765625
2020-12-24,90.33000183105469,3703.06005859375
2020-12-28,90.33999633789062,3735.360107421875
2020-12-29,90.01000213623047,3727.0400390625
2020-12-30,89.62999725341797,3732.0400390625
2020-12-31,89.94000244140625,3756.070068359375
2021-01-04,89.87999725341797,3700.64990234375
2021-01-05,89.44000244140625,3726.860107421875
2021-01-06,89.52999877929688,3748.139892578125
2021-01-07,89.83000183105469,3803.7900390625
2021-01-08,90.0999984741211,3824.679931640625
2021-01-11,90.54000091552734,3799.610107421875
2021-01-12,90.05000305175781,3801.18994140625
2021-01-13,90.31999969482422,3809.840087890625
2021-01-14,90.23999786376953,3795.5400390625
2021-01-15,90.77999877929688,3768.25
2021-01-19,90.5,3798.909912109375
2021-01-20,90.47000122070312,3851.85009765625
2021-01-21,90.12999725341797,3853.070068359375
2021-01-22,90.23999786376953,3841.469970703125
2021-01-25,90.38999938964844,3855.360107421875
2021-01-26,90.16999816894531,3849.6201171875
2021-01-27,90.6500015258789,3750.77001953125
2021-01-28,90.45999908447266,3787.3798828125
2021-01-29,90.58000183105469,3714.239990234375
2021-02-01,91.0199966430664,3773.860107421875
2021-02-02,91.19999694824219,3826.31005859375
2021-02-03,91.12000274658203,3830.169921875
2021-02-04,91.52999877929688,3871.739990234375
2021-02-05,91.04000091552734,3886.830078125
2021-02-08,90.93000030517578,3915.590087890625
2021-02-09,90.44000244140625,3911.22998046875
2021-02-10,90.37000274658203,3909.8798828125
2021-02-11,90.41999816894531,3916.3798828125
2021-02-12,90.4800033569336,3934.830078125
2021-02-16,90.51000213623047,3932.590087890625
2021-02-17,90.94999694824219,3931.330078125
2021-02-18,90.58999633789062,3913.969970703125
2021-02-19,90.36000061035156,3906.7099609375
2021-02-22,90.01000213623047,3876.5
2021-02-23,90.16999816894531,3881.3701171875
2021-02-24,90.18000030517578,3925.429931640625
2021-02-25,90.12999725341797,3829.340087890625
2021-02-26,90.93000030517578,3811.14990234375
2021-03-01,91.04000091552734,3901.820068359375
2021-03-02,90.79000091552734,3870.2900390625
2021-03-03,90.94999694824219,3819.719970703125
2021-03-04,91.62999725341797,3768.469970703125
2021-03-05,91.9800033569336,3841.93994140625
2021-03-08,92.30999755859375,3821.35009765625
2021-03-09,91.95999908447266,3875.43994140625
2021-03-10,91.79000091552734,3898.81005859375
2021-03-11,91.41999816894531,3939.340087890625
2021-03-12,91.68000030517578,3943.340087890625
2021-03-15,91.83000183105469,3968.93994140625
2021-03-16,91.87000274658203,3962.7099609375
2021-03-17,91.4000015258789,3974.1201171875
2021-03-18,91.8499984741211,3915.4599609375
2021-03-19,91.91999816894531,3913.10009765625
2021-03-22,91.80000305175781,3940.590087890625
2021-03-23,92.33999633789062,3910.52001953125
2021-03-24,92.52999877929688,3889.139892578125
2021-03-25,92.87999725341797,3909.52001953125
2021-03-26,92.7699966430664,3974.5400390625
2021-03-29,92.94000244140625,3971.090087890625
2021-03-30,93.30000305175781,3958.550048828125
2021-03-31,93.2300033569336,3972.889892578125
2021-04-01,92.93000030517578,4019.8701171875
2021-04-05,92.5999984741211,4077.909912109375
2021-04-06,92.33999633789062,4073.93994140625
2021-04-07,92.45999908447266,4079.949951171875
2021-04-08,92.05999755859375,4097.169921875
2021-04-09,92.16000366210938,4128.7998046875
2021-04-12,92.13999938964844,4127.990234375
2021-04-13,91.8499984741211,4141.58984375
2021-04-14,91.69000244140625,4124.66015625
2021-04-15,91.66999816894531,4170.419921875
2021-04-16,91.55999755859375,4185.47021484375
2021-04-19,91.06999969482422,4163.259765625
2021-04-20,91.23999786376953,4134.93994140625
2021-04-21,91.16000366210938,4173.419921875
2021-04-22,91.33000183105469,4134.97998046875
2021-04-23,90.86000061035156,4180.169921875
2021-04-26,90.80999755859375,4187.6201171875
2021-04-27,90.91000366210938,4186.72021484375
2021-04-28,90.61000061035156,4183.18017578125
2021-04-29,90.61000061035156,4211.47021484375
2021-04-30,91.27999877929688,4181.169921875
2021-05-03,90.94999694824219,4192.66015625
2021-05-04,91.29000091552734,4164.66015625
2021-05-05,91.30999755859375,4167.58984375
2021-05-06,90.94999694824219,4201.6201171875
2021-05-07,90.2300033569336,4232.60009765625
2021-05-10,90.20999908447266,4188.43017578125
2021-05-11,90.13999938964844,4152.10009765625
2021-05-12,90.70999908447266,4063.0400390625
2021-05-13,90.75,4112.5
2021-05-14,90.31999969482422,4173.85009765625
2021-05-17,90.22000122070312,4163.2900390625
2021-05-18,89.75,4127.830078125
2021-05-19,90.19000244140625,4115.68017578125
2021-05-20,89.80999755859375,4159.1201171875
2021-05-21,90.0199966430664,4155.85986328125
2021-05-24,89.83000183105469,4197.0498046875
2021-05-25,89.63999938964844,4188.1298828125
2021-05-26,90.04000091552734,4195.990234375
2021-05-27,89.97000122070312,4200.8798828125
2021-05-28,90.02999877929688,4204.10986328125
2021-06-01,89.83000183105469,4202.0400390625
2021-06-02,89.9000015258789,4208.1201171875
2021-06-03,90.5,4192.85009765625
2021-06-04,90.13999938964844,4229.89013671875
2021-06-07,89.94999694824219,4226.52001953125
2021-06-08,90.08000183105469,4227.259765625
2021-06-09,90.12000274658203,4219.5498046875
2021-06-10,90.08000183105469,4239.18017578125
2021-06-11,90.55999755859375,4247.43994140625
2021-06-14,90.5199966430664,4255.14990234375
2021-06-15,90.54000091552734,4246.58984375
2021-06-16,91.12999725341797,4223.7001953125
2021-06-17,91.88999938964844,4221.85986328125
2021-06-18,92.2300033569336,4166.4501953125
2021-06-21,91.86000061035156,4224.7900390625
2021-06-22,91.7300033569336,4246.43994140625
2021-06-23,91.80000305175781,4241.83984375
2021-06-24,91.81999969482422,4266.490234375
2021-06-25,91.80999755859375,4280.7001953125
2021-06-28,91.87999725341797,4290.60986328125
2021-06-29,92.05000305175781,4291.7998046875
2021-06-30,92.44000244140625,4297.5
2021-07-01,92.5999984741211,4319.93994140625
2021-07-02,92.2300033569336,4352.33984375
2021-07-06,92.55000305175781,4343.5400390625
2021-07-07,92.63999938964844,4358.1298828125
2021-07-08,92.36000061035156,4320.81982421875
2021-07-09,92.12999725341797,4369.5498046875
2021-07-12,92.2300033569336,4384.6298828125
2021-07-13,92.75,4369.2099609375
2021-07-14,92.41000366210938,4374.2998046875
2021-07-15,92.62000274658203,4360.02978515625
2021-07-16,92.69000244140625,4327.16015625
2021-07-19,92.88999938964844,4258.490234375
2021-07-20,92.97000122070312,4323.06005859375
2021-07-21,92.75,4358.68994140625
2021-07-22,92.81999969482422,4367.47998046875
2021-07-23,92.91000366210938,4411.7900390625
2021-07-26,92.6500015258789,4422.2998046875
2021-07-27,92.43000030517578,4401.4599609375
2021-07-28,92.31999969482422,4400.64013671875
2021-07-29,91.86000061035156,4419.14990234375
2021-07-30,92.16999816894531,4395.259765625
2021-08-02,92.05000305175781,4387.16015625
2021-08-03,92.08000183105469,4423.14990234375
2021-08-04,92.2699966430664,4402.66015625
2021-08-05,92.23999786376953,4429.10009765625
2021-08-06,92.80000305175781,4436.52001953125
2021-08-09,92.94999694824219,4432.35009765625
2021-08-10,93.05999755859375,4436.75
2021-08-11,92.91000366210938,4442.41015625
2021-08-12,93.04000091552734,4460.830078125
2021-08-13,92.5199966430664,4468.0
2021-08-16,92.62999725341797,4479.7099609375
2021-08-17,93.12999725341797,4448.080078125
2021-08-18,93.13999938964844,4400.27001953125
2021-08-19,93.56999969482422,4405.7998046875
2021-08-20,93.5,4441.669921875
2021-08-23,92.95999908447266,4479.52978515625
2021-08-24,92.88999938964844,4486.22998046875
2021-08-25,92.83000183105469,4496.18994140625
2021-08-26,93.05999755859375,4470.0
2021-08-27,92.69000244140625,4509.3701171875
2021-08-30,92.6500015258789,4528.7900390625
2021-08-31,92.62999725341797,4522.68017578125
2021-09-01,92.44999694824219,4524.08984375
2021-09-02,92.2300033569336,4536.9501953125
2021-09-03,92.04000091552734,4535.43017578125
2021-09-07,92.5199966430664,4520.02978515625
2021-09-08,92.6500015258789,4514.06982421875
2021-09-09,92.4800033569336,4493.27978515625
2021-09-10,92.58000183105469,4458.580078125
2021-09-13,92.62000274658203,4468.72998046875
2021-09-14,92.6500015258789,4443.0498046875
2021-09-15,92.48999786376953,4480.7001953125
2021-09-16,92.86000061035156,4473.75
2021-09-17,93.19999694824219,4432.990234375
2021-09-20,93.23999786376953,4357.72998046875
2021-09-21,93.19999694824219,4354.18994140625
2021-09-22,93.45999908447266,4395.64013671875
2021-09-23,93.0999984741211,4448.97998046875
2021-09-24,93.33000183105469,4455.47998046875
2021-09-27,93.37999725341797,4443.10986328125
2021-09-28,93.7699966430664,4352.6298828125
2021-09-29,94.33999633789062,4359.4599609375
2021-09-30,94.25,4307.5400390625
2021-10-01,94.04000091552734,4357.0400390625
2021-10-04,93.80999755859375,4300.4599609375
2021-10-05,93.9800033569336,4345.72021484375
2021-10-06,94.2699966430664,4363.5498046875
2021-10-07,94.22000122070312,4399.759765625
2021-10-08,94.06999969482422,4391.33984375
2021-10-11,94.31999969482422,4361.18994140625
2021-10-12,94.5199966430664,4350.64990234375
2021-10-13,94.08000183105469,4363.7998046875
2021-10-14,93.95999908447266,4438.259765625
2021-10-15,93.94000244140625,4471.3701171875
2021-10-18,93.94999694824219,4486.4599609375
2021-10-19,93.79000091552734,4519.6298828125
2021-10-20,93.55999755859375,4536.18994140625
2021-10-21,93.7699966430664,4549.77978515625
2021-10-22,93.61000061035156,4544.89990234375
2021-10-25,93.80999755859375,4566.47998046875
2021-10-26,93.94999694824219,4574.7900390625
2021-10-27,93.86000061035156,4551.68017578125
2021-10-28,93.3499984741211,4596.419921875
2021-10-29,94.12000274658203,4605.3798828125
2021-11-01,93.87999725341797,4613.669921875
2021-11-02,94.08999633789062,4630.64990234375
2021-11-03,93.86000061035156,4660.56982421875
2021-11-04,94.3499984741211,4680.06005859375
2021-11-05,94.31999969482422,4697.52978515625
2021-11-08,94.05000305175781,4701.7001953125
2021-11-09,93.95999908447266,4685.25
2021-11-10,94.8499984741211,4646.7099609375
2021-11-11,95.18000030517578,4649.27001953125
2021-11-12,95.12999725341797,4682.85009765625
2021-11-15,95.41000366210938,4682.7998046875
2021-11-16,95.91999816894531,4700.89990234375
2021-11-17,95.83000183105469,4688.669921875
2021-11-18,95.54000091552734,4704.5400390625
2021-11-19,96.06999969482422,4697.9599609375
2021-11-22,96.5,4682.93994140625
2021-11-23,96.48999786376953,4690.7001953125
2021-11-24,96.83999633789062,4701.4599609375
2021-11-26,96.08999633789062,4594.6201171875
2021-11-29,96.33999633789062,4655.27001953125
2021-11-30,95.98999786376953,4567.0
2021-12-01,96.05000305175781,4513.0400390625
2021-12-02,96.12999725341797,4577.10009765625
2021-12-03,96.12000274658203,4538.43017578125
2021-12-06,96.29000091552734,4591.669921875
2021-12-07,96.37000274658203,4686.75
2021-12-08,95.88999938964844,4701.2099609375
2021-12-09,96.2699966430664,4667.4501953125
2021-12-10,96.05000305175781,4712.02001953125
2021-12-13,96.31999969482422,4668.97021484375
2021-12-14,96.56999969482422,4634.08984375
2021-12-15,96.51000213623047,4709.85009765625
2021-12-16,96.04000091552734,4668.669921875
2021-12-17,96.56999969482422,4620.64013671875
2021-12-20,96.55000305175781,4568.02001953125
2021-12-21,96.48999786376953,4649.22998046875
2021-12-22,96.08000183105469,4696.56005859375
2021-12-23,96.0199966430664,4725.7900390625
2021-12-27,96.08999633789062,4791.18994140625
2021-12-28,96.19999694824219,4786.35009765625
2021-12-29,95.93000030517578,4793.06005859375
2021-12-30,95.97000122070312,4778.72998046875
2021-12-31,95.66999816894531,4766.18017578125
2022-01-03,96.23999786376953,4796.56005859375
2022-01-04,96.29000091552734,4793.5400390625
2022-01-05,96.19000244140625,4700.580078125
2022-01-06,96.25,4696.0498046875
2022-01-07,95.73999786376953,4677.02978515625
2022-01-10,95.98999786376953,4670.2900390625
2022-01-11,95.62000274658203,4713.06982421875
2022-01-12,95.0,4726.35009765625
2022-01-13,94.79000091552734,4659.02978515625
2022-01-14,95.16999816894531,4662.85009765625
2022-01-18,95.7300033569336,4577.10986328125
2022-01-19,95.51000213623047,4532.759765625
2022-01-20,95.73999786376953,4482.72998046875
2022-01-21,95.63999938964844,4397.93994140625
2022-01-24,95.91999816894531,4410.1298828125
2022-01-25,95.94999694824219,4356.4501953125
2022-01-26,96.48999786376953,4349.93017578125
2022-01-27,97.26000213623047,4326.509765625
2022-01-28,97.2699966430664,4431.85009765625
2022-01-31,96.54000091552734,4515.5498046875
2022-02-01,96.38999938964844,4546.5400390625
2022-02-02,95.94000244140625,4589.3798828125
2022-02-03,95.37999725341797,4477.43994140625
2022-02-04,95.4800033569336,4500.52978515625
2022-02-07,95.4000015258789,4483.8701171875
2022-02-08,95.63999938964844,4521.5400390625
2022-02-09,95.48999786376953,4587.18017578125
2022-02-10,95.55000305175781,4504.080078125
2022-02-11,96.08000183105469,4418.64013671875
2022-02-14,96.37000274658203,4401.669921875
2022-02-15,95.98999786376953,4471.06982421875
2022-02-16,95.69999694824219,4475.009765625
2022-02-17,95.80000305175781,4380.259765625
2022-02-18,96.04000091552734,4348.8701171875
2022-02-22,96.02999877929688,4304.759765625
2022-02-23,96.19000244140625,4225.5
2022-02-24,97.13999938964844,4288.7001953125
2022-02-25,96.62000274658203,4384.64990234375
2022-02-28,96.70999908447266,4373.93994140625
2022-03-01,97.41000366210938,4306.259765625
2022-03-02,97.38999938964844,4386.5400390625
2022-03-03,97.79000091552734,4363.490234375
2022-03-04,98.6500015258789,4328.8701171875
2022-03-07,99.29000091552734,4201.08984375
2022-03-08,99.05999755859375,4170.7001953125
2022-03-09,97.97000122070312,4277.8798828125
2022-03-10,98.51000213623047,4259.52001953125
2022-03-11,99.12000274658203,4204.31005859375
2022-03-14,99.05999755859375,4173.10986328125
2022-03-15,99.06999969482422,4262.4501953125
2022-03-16,98.37999725341797,4357.85986328125
2022-03-17,98.01000213623047,4411.669921875
2022-03-18,98.2300033569336,4463.1201171875
2022-03-21,98.5,4461.18017578125
2022-03-22,98.48999786376953,4511.60986328125
2022-03-23,98.62000274658203,4456.240234375
2022-03-24,98.79000091552734,4520.16015625
2022-03-25,98.80999755859375,4543.06005859375
2022-03-28,99.08999633789062,4575.52001953125
2022-03-29,98.4000015258789,4631.60009765625
2022-03-30,97.79000091552734,4602.4501953125
2022-03-31,98.30999755859375,4530.41015625
2022-04-01,98.62999725341797,4545.85986328125
2022-04-04,98.98999786376953,4582.64013671875
2022-04-05,99.47000122070312,4525.1201171875
2022-04-06,99.5999984741211,4481.14990234375
2022-04-07,99.75,4500.2099609375
2022-04-08,99.80000305175781,4488.27978515625
2022-04-11,99.93000030517578,4412.52978515625
2022-04-12,100.29000091552734,4397.4501953125
2022-04-13,99.87999725341797,4446.58984375
2022-04-14,100.31999969482422,4392.58984375
2022-04-18,100.77999877929688,4391.68994140625
2022-04-19,100.95999908447266,4462.2099609375
2022-04-20,100.38999938964844,4459.4501953125
2022-04-21,100.58000183105469,4393.66015625
2022-04-22,101.22000122070312,4271.77978515625
2022-04-25,101.75,4296.1201171875
2022-04-26,102.30000305175781,4175.2001953125
2022-04-27,102.94999694824219,4183.9599609375
2022-04-28,103.62000274658203,4287.5
2022-04-29,102.95999908447266,4131.93017578125
2022-05-02,103.73999786376953,4155.3798828125
2022-05-03,103.47000122070312,4175.47998046875
2022-05-04,102.58999633789062,4300.169921875
2022-05-05,103.75,4146.8701171875
2022-05-06,103.66000366210938,4123.33984375
2022-05-09,103.6500015258789,3991.239990234375
2022-05-10,103.91999816894531,4001.050048828125
2022-05-11,103.8499984741211,3935.179931640625
2022-05-12,104.8499984741211,3930.080078125
2022-05-13,104.55999755859375,4023.889892578125
2022-05-16,104.19000244140625,4008.010009765625
2022-05-17,103.36000061035156,4088.85009765625
2022-05-18,103.80999755859375,3923.679931640625
2022-05-19,102.72000122070312,3900.7900390625
2022-05-20,103.1500015258789,3901.360107421875
2022-05-23,102.08000183105469,3973.75
2022-05-24,101.86000061035156,3941.47998046875
2022-05-25,102.05999755859375,3978.72998046875
2022-05-26,101.83000183105469,4057.840087890625
2022-05-27,101.66999816894531,4158.240234375
2022-05-31,101.75,4132.14990234375
2022-06-01,102.55000305175781,4101.22998046875
2022-06-02,101.7699966430664,4176.81982421875
2022-06-03,102.13999938964844,4108.5400390625
2022-06-06,102.44000244140625,4121.43017578125
2022-06-07,102.31999969482422,4160.68017578125
2022-06-08,102.54000091552734,4115.77001953125
2022-06-09,103.22000122070312,4017.820068359375
2022-06-10,104.1500015258789,3900.860107421875
2022-06-13,105.08000183105469,3749.6298828125
2022-06-14,105.5199966430664,3735.47998046875
2022-06-15,105.16000366210938,3789.989990234375
2022-06-16,103.62999725341797,3666.77001953125
2022-06-17,104.69999694824219,3674.840087890625
2022-06-21,104.44000244140625,3764.7900390625
2022-06-22,104.19999694824219,3759.889892578125
2022-06-23,104.43000030517578,3795.72998046875
2022-06-24,104.19000244140625,3911.739990234375
2022-06-27,103.94000244140625,3900.110107421875
2022-06-28,104.51000213623047,3821.550048828125
2022-06-29,105.11000061035156,3818.830078125
2022-06-30,104.69000244140625,3785.3798828125
2022-07-01,105.13999938964844,3825.330078125
2022-07-05,106.5,3831.389892578125
2022-07-06,107.0999984741211,3845.080078125
2022-07-07,107.12999725341797,3902.6201171875
2022-07-08,107.01000213623047,3899.3798828125
2022-07-11,108.0199966430664,3854.429931640625
2022-07-12,108.06999969482422,3818.800048828125
2022-07-13,107.95999908447266,3801.780029296875
2022-07-14,108.54000091552734,3790.3798828125
2022-07-15,108.05999755859375,3863.159912109375
2022-07-18,107.37000274658203,3830.85009765625
2022-07-19,106.68000030517578,3936.68994140625
2022-07-20,107.08000183105469,3959.89990234375
2022-07-21,106.91000366210938,3998.949951171875
2022-07-22,106.7300033569336,3961.6298828125
2022-07-25,106.4800033569336,3966.840087890625
2022-07-26,107.19000244140625,3921.050048828125
2022-07-27,106.44999694824219,4023.610107421875
2022-07-28,106.3499984741211,4072.429931640625
2022-07-29,105.9000015258789,4130.2900390625
2022-08-01,105.44999694824219,4118.6298828125
2022-08-02,106.23999786376953,4091.18994140625
2022-08-03,106.51000213623047,4155.169921875
2022-08-04,105.69000244140625,4151.93994140625
2022-08-05,106.62000274658203,4145.18994140625
2022-08-08,106.44000244140625,4140.06005859375
2022-08-09,106.37000274658203,4122.47021484375
2022-08-10,105.19999694824219,4210.240234375
2022-08-11,105.08999633789062,4207.27001953125
2022-08-12,105.62999725341797,4280.14990234375
2022-08-15,106.55000305175781,4297.14013671875
2022-08-16,106.5,4305.2001953125
2022-08-17,106.56999969482422,4274.0400390625
2022-08-18,107.4800033569336,4283.740234375
2022-08-19,108.16999816894531,4228.47998046875
2022-08-22,109.05000305175781,4137.990234375
2022-08-23,108.62000274658203,4128.72998046875
2022-08-24,108.68000030517578,4140.77001953125
2022-08-25,108.47000122070312,4199.1201171875
2022-08-26,108.80000305175781,4057.659912109375
2022-08-29,108.83999633789062,4030.610107421875
2022-08-30,108.7699966430664,3986.159912109375
2022-08-31,108.69999694824219,3955.0
2022-09-01,109.69000244140625,3966.85009765625
2022-09-02,109.52999877929688,3924.260009765625
2022-09-06,110.20999908447266,3908.18994140625
2022-09-07,109.83999633789062,3979.8701171875
2022-09-08,109.70999908447266,4006.179931640625
2022-09-09,109.0,4067.360107421875
2022-09-12,108.33000183105469,4110.41015625
2022-09-13,109.81999969482422,3932.68994140625
2022-09-14,109.66000366210938,3946.010009765625
2022-09-15,109.73999786376953,3901.35009765625
2022-09-16,109.76000213623047,3873.330078125
2022-09-19,109.73999786376953,3899.889892578125
2022-09-20,110.22000122070312,3855.929931640625
2022-09-21,110.63999938964844,3789.929931640625
2022-09-22,111.3499984741211,3757.989990234375
2022-09-23,113.19000244140625,3693.22998046875
2022-09-26,114.0999984741211,3655.0400390625
2022-09-27,114.11000061035156,3647.2900390625
2022-09-28,112.5999984741211,3719.0400390625
2022-09-29,112.25,3640.469970703125
2022-09-30,112.12000274658203,3585.6201171875
2022-10-03,111.75,3678.429931640625
2022-10-04,110.06999969482422,3790.929931640625
2022-10-05,111.06999969482422,3783.280029296875
2022-10-06,112.26000213623047,3744.52001953125
2022-10-07,112.80000305175781,3639.659912109375
2022-10-10,113.13999938964844,3612.389892578125
2022-10-11,113.22000122070312,3588.840087890625
2022-10-12,113.31999969482422,3577.030029296875
2022-10-13,112.36000061035156,3669.909912109375
2022-10-14,113.30999755859375,3583.070068359375
2022-10-17,112.04000091552734,3677.949951171875
2022-10-18,112.12999725341797,3719.97998046875
2022-10-19,112.9800033569336,3695.159912109375
2022-10-20,112.87999725341797,3665.780029296875
2022-10-21,112.01000213623047,3752.75
2022-10-24,111.98999786376953,3797.340087890625
2022-10-25,110.94999694824219,3859.110107421875
2022-10-26,109.69999694824219,3830.60009765625
2022-10-27,110.58999633789062,3807.300048828125
2022-10-28,110.66999816894531,3901.06005859375
2022-10-31,111.52999877929688,3871.97998046875
2022-11-01,111.4800033569336,3856.10009765625
2022-11-02,111.3499984741211,3759.68994140625
2022-11-03,112.93000030517578,3719.889892578125
2022-11-04,110.87999725341797,3770.550048828125
2022-11-07,110.12000274658203,3806.800048828125
2022-11-08,109.62000274658203,3828.110107421875
2022-11-09,110.55000305175781,3748.570068359375
2022-11-10,108.20999908447266,3956.3701171875
2022-11-11,106.29000091552734,3992.929931640625
2022-11-14,106.66000366210938,3957.25
2022-11-15,106.4000015258789,3991.72998046875
2022-11-16,106.27999877929688,3958.7900390625
2022-11-17,106.69000244140625,3946.56005859375
2022-11-18,106.93000030517578,3965.340087890625
2022-11-21,107.83999633789062,3949.93994140625
2022-11-22,107.22000122070312,4003.580078125
2022-11-23,106.08000183105469,4027.260009765625
2022-11-25,105.95999908447266,4026.1201171875
2022-11-28,106.68000030517578,3963.93994140625
2022-11-29,106.81999969482422,3957.6298828125
2022-11-30,105.94999694824219,4080.110107421875
2022-12-01,104.7300033569336,4076.570068359375
2022-12-02,104.55000305175781,4071.699951171875
2022-12-05,105.29000091552734,3998.840087890625
2022-12-06,105.58000183105469,3941.260009765625
2022-12-07,105.0999984741211,3933.919921875
2022-12-08,104.7699966430664,3963.510009765625
2022-12-09,104.80999755859375,3934.3798828125
2022-12-12,105.12999725341797,3990.56005859375
2022-12-13,103.9800033569336,4019.64990234375
2022-12-14,103.7699966430664,3995.320068359375
2022-12-15,104.55999755859375,3895.75
2022-12-16,104.69999694824219,3852.360107421875
2022-12-19,104.72000122070312,3817.659912109375
2022-12-20,103.97000122070312,3821.6201171875
2022-12-21,104.16000366210938,3878.43994140625
2022-12-22,104.43000030517578,3822.389892578125
2022-12-23,104.30999755859375,3844.820068359375
2022-12-27,104.18000030517578,3829.25
2022-12-28,104.45999908447266,3783.219970703125
2022-12-29,103.83999633789062,3849.280029296875
2022-12-30,103.5199966430664,3839.5
2023-01-03,104.5199966430664,3824.139892578125
2023-01-04,104.25,3852.969970703125
2023-01-05,105.04000091552734,3808.10009765625
2023-01-06,103.87999725341797,3895.080078125
2023-01-09,103.0,3892.090087890625
2023-01-10,103.23999786376953,3919.25
2023-01-11,103.19000244140625,3969.610107421875
2023-01-12,102.25,3983.169921875
2023-01-13,102.19999694824219,3999.090087890625
2023-01-17,102.38999938964844,3990.969970703125
2023-01-18,102.36000061035156,3928.860107421875
2023-01-19,102.05999755859375,3898.85009765625
2023-01-20,102.01000213623047,3972.610107421875
2023-01-23,102.13999938964844,4019.81005859375
2023-01-24,101.91999816894531,4016.949951171875
2023-01-25,101.63999938964844,4016.219970703125
2023-01-26,101.83999633789062,4060.429931640625
2023-01-27,101.93000030517578,4070.56005859375
2023-01-30,102.27999877929688,4017.77001953125
2023-01-31,102.0999984741211,4076.60009765625
2023-02-01,101.22000122070312,4119.2099609375
2023-02-02,101.75,4179.759765625
2023-02-03,102.91999816894531,4136.47998046875
2023-02-06,103.62000274658203,4111.080078125
2023-02-07,103.43000030517578,4164.0
2023-02-08,103.41000366210938,4117.85986328125
2023-02-09,103.22000122070312,4081.5
2023-02-10,103.62999725341797,4090.4599609375
2023-02-13,103.3499984741211,4137.2900390625
2023-02-14,103.2300033569336,4136.1298828125
2023-02-15,103.91999816894531,4147.60009765625
2023-02-16,103.86000061035156,4090.409912109375
2023-02-17,103.86000061035156,4079.090087890625
2023-02-21,104.18000030517578,3997.340087890625
2023-02-22,104.58999633789062,3991.050048828125
2023-02-23,104.5999984741211,4012.320068359375
2023-02-24,105.20999908447266,3970.0400390625
2023-02-27,104.66999816894531,3982.239990234375
2023-02-28,104.87000274658203,3970.14990234375
2023-03-01,104.4800033569336,3951.389892578125
2023-03-02,105.02999877929688,3981.35009765625
2023-03-03,104.5199966430664,4045.639892578125
2023-03-06,104.3499984741211,4048.419921875
2023-03-07,105.62000274658203,3986.3701171875
2023-03-08,105.66000366210938,3992.010009765625
2023-03-09,105.30999755859375,3918.320068359375
2023-03-10,104.58000183105469,3861.590087890625
2023-03-13,103.5999984741211,3855.760009765625
2023-03-14,103.5999984741211,3919.2900390625
2023-03-15,104.6500015258789,3891.929931640625
2023-03-16,104.41999816894531,3960.280029296875
2023-03-17,103.70999908447266,3916.639892578125
2023-03-20,103.27999877929688,3951.570068359375
2023-03-21,103.26000213623047,4002.8701171875
2023-03-22,102.3499984741211,3936.969970703125
2023-03-23,102.52999877929688,3948.719970703125
2023-03-24,103.12000274658203,3970.989990234375
2023-03-27,102.86000061035156,3977.530029296875
2023-03-28,102.43000030517578,3971.27001953125
2023-03-29,102.63999938964844,4027.81005859375
2023-03-30,102.13999938964844,4050.830078125
2023-03-31,102.51000213623047,4109.31005859375
2023-04-03,102.08999633789062,4124.509765625
2023-04-04,101.58999633789062,4100.60009765625
2023-04-05,101.8499984741211,4090.3798828125
2023-04-06,101.81999969482422,4105.02001953125
2023-04-10,102.58000183105469,4109.10986328125
2023-04-11,102.19999694824219,4108.93994140625
2023-04-12,101.5,4091.949951171875
2023-04-13,101.01000213623047,4146.22021484375
2023-04-14,101.55000305175781,4137.64013671875
2023-04-17,102.0999984741211,4151.31982421875
2023-04-18,101.75,4154.8701171875
2023-04-19,101.97000122070312,4154.52001953125
2023-04-20,101.83999633789062,4129.7900390625
2023-04-21,101.81999969482422,4133.52001953125
2023-04-24,101.3499984741211,4137.0400390625
2023-04-25,101.86000061035156,4071.6298828125
2023-04-26,101.47000122070312,4055.989990234375
2023-04-27,101.5,4135.35009765625
2023-04-28,101.66999816894531,4169.47998046875
2023-05-01,102.1500015258789,4167.8701171875
2023-05-02,101.95999908447266,4119.580078125
2023-05-03,101.33999633789062,4090.75
2023-05-04,101.4000015258789,4061.219970703125
2023-05-05,101.20999908447266,4136.25
2023-05-08,101.37000274658203,4138.1201171875
2023-05-09,101.63999938964844,4119.169921875
2023-05-10,101.4800033569336,4137.64013671875
2023-05-11,102.05999755859375,4130.6201171875
2023-05-12,102.68000030517578,4124.080078125
2023-05-15,102.43000030517578,4136.27978515625
2023-05-16,102.55999755859375,4109.89990234375
2023-05-17,102.87999725341797,4158.77001953125
2023-05-18,103.58000183105469,4198.0498046875
2023-05-19,103.19999694824219,4191.97998046875
2023-05-22,103.19999694824219,4192.6298828125
2023-05-23,103.48999786376953,4145.580078125
2023-05-24,103.88999938964844,4115.240234375
2023-05-25,104.20999908447266,4151.27978515625
2023-05-26,104.20999908447266,4205.4501953125
2023-05-30,104.16999816894531,4205.52001953125
2023-05-31,104.31999969482422,4179.830078125
2023-06-01,103.55999755859375,4221.02001953125
2023-06-02,104.0199966430664,4282.3701171875
2023-06-05,104.0,4273.7900390625
2023-06-06,104.12999725341797,4283.85009765625
2023-06-07,104.0999984741211,4267.52001953125
2023-06-08,103.33999633789062,4293.93017578125
2023-06-09,103.55999755859375,4298.85986328125
2023-06-12,103.62999725341797,4338.93017578125
2023-06-13,103.33999633789062,4369.009765625
2023-06-14,103.01000213623047,4372.58984375
2023-06-15,102.12000274658203,4425.83984375
2023-06-16,102.30000305175781,4409.58984375
2023-06-20,102.54000091552734,4388.7099609375
2023-06-21,102.06999969482422,4365.68994140625
2023-06-22,102.38999938964844,4381.89013671875
2023-06-23,102.9000015258789,4348.330078125
2023-06-26,102.69000244140625,4328.81982421875
2023-06-27,102.48999786376953,4378.41015625
2023-06-28,102.91000366210938,4376.85986328125
2023-06-29,103.33999633789062,4396.43994140625
2023-06-30,102.91000366210938,4450.3798828125
2023-07-03,102.98999786376953,4455.58984375
2023-07-05,103.37000274658203,4446.81982421875
2023-07-06,103.16999816894531,4411.58984375
2023-07-07,102.2699966430664,4398.9501953125
2023-07-10,101.97000122070312,4409.52978515625
2023-07-11,101.7300033569336,4439.259765625
2023-07-12,100.5199966430664,4472.16015625
2023-07-13,99.7699966430664,4510.0400390625
2023-07-14,99.91000366210938,4505.419921875
2023-07-17,99.83999633789062,4522.7900390625
2023-07-18,99.94000244140625,4554.97998046875
2023-07-19,100.27999877929688,4565.72021484375
2023-07-20,100.87999725341797,4534.8701171875
2023-07-21,101.06999969482422,4536.33984375
2023-07-24,101.3499984741211,4554.64013671875
2023-07-25,101.3499984741211,4567.4599609375
2023-07-26,100.88999938964844,4566.75
2023-07-27,101.7699966430664,4537.41015625
2023-07-28,101.62000274658203,4582.22998046875
2023-07-31,101.86000061035156,4588.9599609375
2023-08-01,102.30000305175781,4576.72998046875
2023-08-02,102.58999633789062,4513.39013671875
2023-08-03,102.54000091552734,4501.89013671875
2023-08-04,102.0199966430664,4478.02978515625
2023-08-07,102.05000305175781,4518.43994140625
2023-08-08,102.52999877929688,4499.3798828125
2023-08-09,102.48999786376953,4467.7099609375
2023-08-10,102.5199966430664,4468.830078125
2023-08-11,102.83999633789062,4464.0498046875
2023-08-14,103.19000244140625,4489.72021484375
2023-08-15,103.20999908447266,4437.85986328125
2023-08-16,103.41999816894531,4404.330078125
2023-08-17,103.44000244140625,4370.35986328125
2023-08-18,103.37999725341797,4369.7099609375
2023-08-21,103.33000183105469,4399.77001953125
2023-08-22,103.55999755859375,4387.5498046875
2023-08-23,103.36000061035156,4436.009765625
2023-08-24,103.9800033569336,4376.31005859375
2023-08-25,104.08000183105469,4405.7099609375
2023-08-28,104.05999755859375,4433.31005859375
2023-08-29,103.55000305175781,4497.6298828125
2023-08-30,103.16000366210938,4514.8701171875
2023-08-31,103.62000274658203,4507.66015625
2023-09-01,104.23999786376953,4515.77001953125
2023-09-05,104.80999755859375,4496.830078125
2023-09-06,104.86000061035156,4465.47998046875
2023-09-07,105.05999755859375,4451.14013671875
2023-09-08,105.08999633789062,4457.490234375
2023-09-11,104.56999969482422,4487.4599609375
2023-09-12,104.70999908447266,4461.89990234375
2023-09-13,104.7699966430664,4467.43994140625
2023-09-14,105.41000366210938,4505.10009765625
2023-09-15,105.31999969482422,4450.31982421875
2023-09-18,105.19999694824219,4453.52978515625
2023-09-19,105.19999694824219,4443.9501953125
2023-09-20,105.16000366210938,4402.2001953125
2023-09-21,105.36000061035156,4330.0
2023-09-22,105.58000183105469,4320.06005859375
2023-09-25,106.0,4337.43994140625
2023-09-26,106.2300033569336,4273.52978515625
2023-09-27,106.66999816894531,4274.509765625
2023-09-28,106.22000122070312,4299.7001953125
2023-09-29,106.16999816894531,4288.0498046875
2023-10-02,106.9000015258789,4288.39013671875
2023-10-03,107.0,4229.4501953125
2023-10-04,106.80000305175781,4263.75
2023-10-05,106.33000183105469,4258.18994140625
2023-10-06,106.04000091552734,4308.5
2023-10-09,106.08000183105469,4335.66015625
2023-10-10,105.83000183105469,4358.240234375
2023-10-11,105.81999969482422,4376.9501953125
2023-10-12,106.56999969482422,4349.60986328125
2023-10-13,106.6500015258789,4327.77978515625
2023-10-16,106.23999786376953,4373.6298828125
2023-10-17,106.25,4373.2001953125
2023-10-18,106.56999969482422,4314.60009765625
2023-10-19,106.25,4278.0
2023-10-20,106.16000366210938,4224.16015625
2023-10-23,105.54000091552734,4217.0400390625
2023-10-24,106.2699966430664,4247.68017578125
2023-10-25,106.52999877929688,4186.77001953125
2023-10-26,106.5999984741211,4137.22998046875
2023-10-27,106.55999755859375,4117.3701171875
2023-10-30,106.12000274658203,4166.81982421875
2023-10-31,106.66000366210938,4193.7998046875
2023-11-01,106.87999725341797,4237.85986328125
2023-11-02,106.12000274658203,4317.77978515625
2023-11-03,105.0199966430664,4358.33984375
2023-11-06,105.22000122070312,4365.97998046875
2023-11-07,105.54000091552734,4378.3798828125
2023-11-08,105.58999633789062,4382.77978515625
2023-11-09,105.91000366210938,4347.35009765625
2023-11-10,105.86000061035156,4415.240234375
2023-11-13,105.66000366210938,4411.5498046875
2023-11-14,104.11000061035156,4495.7001953125
2023-11-15,104.38999938964844,4502.8798828125
2023-11-16,104.37000274658203,4508.240234375
2023-11-17,103.81999969482422,4514.02001953125
2023-11-20,103.47000122070312,4547.3798828125
2023-11-21,103.58999633789062,4538.18994140625
2023-11-22,103.91999816894531,4556.6201171875
2023-11-24,103.4000015258789,4559.33984375
2023-11-27,103.19999694824219,4550.43017578125
2023-11-28,102.75,4554.89013671875
2023-11-29,102.7699966430664,4550.580078125
2023-11-30,103.5,4567.7998046875
2023-12-01,103.2699966430664,4594.6298828125
2023-12-04,103.63999938964844,4569.77978515625
2023-12-05,104.05000305175781,4567.18017578125
2023-12-06,104.1500015258789,4549.33984375
2023-12-07,103.54000091552734,4585.58984375
2023-12-08,104.01000213623047,4604.3701171875
2023-12-11,104.0999984741211,4622.43994140625
2023-12-12,103.87000274658203,4643.7001953125
2023-12-13,102.87000274658203,4707.08984375
2023-12-14,101.95999908447266,4719.5498046875
2023-12-15,102.55000305175781,4719.18994140625
2023-12-18,102.51000213623047,4740.56005859375
2023-12-19,102.16999816894531,4768.3701171875
2023-12-20,102.41000366210938,4698.35009765625
2023-12-21,101.83999633789062,4746.75
2023-12-22,101.69999694824219,4754.6298828125
2023-12-26,101.47000122070312,4774.75
2023-12-27,100.98999786376953,4781.580078125
2023-12-28,101.2300033569336,4783.35009765625
2023-12-29,101.33000183105469,4769.830078125
2024-01-02,102.19999694824219,4742.830078125
2024-01-03,102.45999908447266,4704.81005859375
2024-01-04,102.41999816894531,4688.68017578125
2024-01-05,102.41000366210938,4697.240234375
2024-01-08,102.20999908447266,4763.5400390625
2024-01-09,102.56999969482422,4756.5
2024-01-10,102.36000061035156,4783.4501953125
2024-01-11,102.29000091552734,4780.240234375
2024-01-12,102.4000015258789,4783.830078125
2024-01-16,103.36000061035156,4765.97998046875
2024-01-17,103.44999694824219,4739.2099609375
2024-01-18,103.54000091552734,4780.93994140625
2024-01-19,103.29000091552734,4839.81005859375
2024-01-22,103.33000183105469,4850.43017578125
2024-01-23,103.62000274658203,4864.60009765625
2024-01-24,103.23999786376953,4868.5498046875
2024-01-25,103.56999969482422,4894.16015625
2024-01-26,103.47000122070312,4890.97021484375
2024-01-29,103.61000061035156,4927.93017578125
2024-01-30,103.4000015258789,4924.97021484375
2024-01-31,103.2699966430664,4845.64990234375
2024-02-01,103.05000305175781,4906.18994140625
2024-02-02,103.91999816894531,4958.60986328125
2024-02-05,104.44999694824219,4942.81005859375
2024-02-06,104.18000030517578,4954.22998046875
2024-02-07,104.04000091552734,4995.06005859375
2024-02-08,104.1500015258789,4997.91015625
2024-02-09,104.08000183105469,5026.60986328125
2024-02-12,104.16999816894531,5021.83984375
2024-02-13,104.95999908447266,4953.169921875
2024-02-14,104.72000122070312,5000.6201171875
2024-02-15,104.30000305175781,5029.72998046875
2024-02-16,104.27999877929688,5005.56982421875
2024-02-20,104.08000183105469,4975.509765625
2024-02-21,104.01000213623047,4981.7998046875
2024-02-22,103.95999908447266,5087.02978515625
2024-02-23,103.94000244140625,5088.7998046875
2024-02-26,103.83000183105469,5069.52978515625
2024-02-27,103.83000183105469,5078.18017578125
2024-02-28,103.9800033569336,5069.759765625
2024-02-29,104.16000366210938,5096.27001953125
2024-03-01,103.86000061035156,5137.080078125
2024-03-04,103.83000183105469,5130.9501953125
2024-03-05,103.80000305175781,5078.64990234375
2024-03-06,103.37000274658203,5104.759765625
2024-03-07,102.81999969482422,5157.35986328125
2024-03-08,102.73999786376953,5123.68994140625
2024-03-11,102.87000274658203,5117.93994140625
2024-03-12,102.95999908447266,5175.27001953125
2024-03-13,102.79000091552734,5165.31005859375
2024-03-14,103.36000061035156,5150.47998046875
2024-03-15,103.43000030517578,5117.08984375
2024-03-18,103.58000183105469,5149.419921875
2024-03-19,103.80999755859375,5178.509765625
2024-03-20,103.41000366210938,5224.6201171875
2024-03-21,104.0,5241.52978515625
2024-03-22,104.43000030517578,5234.18017578125
2024-03-25,104.2300033569336,5218.18994140625
2024-03-26,104.29000091552734,5203.580078125
2024-03-27,104.3499984741211,5248.490234375
2024-03-28,104.55000305175781,5254.35009765625
2024-04-01,105.0199966430664,5243.77001953125
2024-04-02,104.81999969482422,5205.81005859375
2024-04-03,104.25,5211.490234375
2024-04-04,104.12000274658203,5147.2099609375
2024-04-05,104.30000305175781,5204.33984375
2024-04-08,104.13999938964844,5202.39013671875
2024-04-09,104.1500015258789,5209.91015625
2024-04-10,105.25,5160.64013671875
2024-04-11,105.27999877929688,5199.06005859375
2024-04-12,106.04000091552734,5123.41015625
2024-04-15,106.20999908447266,5061.81982421875
2024-04-16,106.26000213623047,5051.41015625
2024-04-17,105.94999694824219,5022.2099609375
2024-04-18,106.1500015258789,5011.1201171875
2024-04-19,106.1500015258789,4967.22998046875
2024-04-22,106.08000183105469,5010.60009765625
2024-04-23,105.69000244140625,5070.5498046875
2024-04-24,105.86000061035156,5071.6298828125
2024-04-25,105.5999984741211,5048.419921875
2024-04-26,105.94000244140625,5099.9599609375
2024-04-29,105.58000183105469,5116.169921875
2024-04-30,106.22000122070312,5035.68994140625
2024-05-01,105.76000213623047,5018.39013671875
2024-05-02,105.30000305175781,5064.2001953125
2024-05-03,105.02999877929688,5127.7900390625
2024-05-06,105.05000305175781,5180.740234375
2024-05-07,105.41000366210938,5187.7001953125
2024-05-08,105.55000305175781,5187.669921875
2024-05-09,105.2300033569336,5214.080078125
2024-05-10,105.30999755859375,5222.68017578125
2024-05-13,105.22000122070312,5221.419921875
2024-05-14,105.01000213623047,5246.68017578125
2024-05-15,104.3499984741211,5308.14990234375
2024-05-16,104.45999908447266,5297.10009765625
2024-05-17,104.44999694824219,5303.27001953125
2024-05-20,104.56999969482422,5308.1298828125
2024-05-21,104.66000366210938,5321.41015625
2024-05-22,104.94000244140625,5307.009765625
2024-05-23,105.11000061035156,5267.83984375
2024-05-24,104.72000122070312,5304.72021484375
2024-05-28,104.61000061035156,5306.0400390625
2024-05-29,105.0999984741211,5266.9501953125
2024-05-30,104.72000122070312,5235.47998046875
2024-05-31,104.66999816894531,5277.509765625
2024-06-03,104.13999938964844,5283.39990234375
2024-06-04,104.11000061035156,5291.33984375
2024-06-05,104.2699966430664,5354.02978515625
2024-06-06,104.0999984741211,5352.9599609375
2024-06-07,104.88999938964844,5346.990234375
2024-06-10,105.1500015258789,5360.7900390625
2024-06-11,105.2300033569336,5375.31982421875
2024-06-12,104.6500015258789,5421.02978515625
2024-06-13,105.19999694824219,5433.740234375
2024-06-14,105.55000305175781,5431.60009765625
2024-06-17,105.31999969482422,5473.22998046875
2024-06-18,105.26000213623047,5487.02978515625
2024-06-20,105.58999633789062,5473.169921875
2024-06-21,105.80000305175781,5464.6201171875
2024-06-24,105.47000122070312,5447.8701171875
2024-06-25,105.61000061035156,5469.2998046875
2024-06-26,106.05000305175781,5477.89990234375
2024-06-27,105.91000366210938,5482.8701171875
2024-06-28,105.87000274658203,5460.47998046875
2024-07-01,105.9000015258789,5475.08984375
2024-07-02,105.72000122070312,5509.009765625
2024-07-03,105.4000015258789,5537.02001953125
2024-07-05,104.87999725341797,5567.18994140625
2024-07-08,105.01000213623047,5572.85009765625
2024-07-09,105.12000274658203,5576.97998046875
2024-07-10,105.05000305175781,5633.91015625
2024-07-11,104.44000244140625,5584.5400390625
2024-07-12,104.08999633789062,5615.35009765625
2024-07-15,104.19000244140625,5631.22021484375
2024-07-16,104.2699966430664,5667.2001953125
2024-07-17,103.75,5588.27001953125
2024-07-18,104.16999816894531,5544.58984375
2024-07-19,104.4000015258789,5505.0
2024-07-22,104.30999755859375,5564.41015625
2024-07-23,104.44999694824219,5555.740234375
2024-07-24,104.38999938964844,5427.1298828125
2024-07-25,104.36000061035156,5399.22021484375
2024-07-26,104.31999969482422,5459.10009765625
2024-07-29,104.55999755859375,5463.5400390625
2024-07-30,104.55000305175781,5436.43994140625
2024-07-31,104.0999984741211,5522.2998046875
2024-08-01,104.41999816894531,5446.68017578125
2024-08-02,103.20999908447266,5346.56005859375
2024-08-05,102.69000244140625,5186.330078125
2024-08-06,102.97000122070312,5240.02978515625
2024-08-07,103.19999694824219,5199.5
2024-08-08,103.20999908447266,5319.31005859375
2024-08-09,103.13999938964844,5344.16015625
2024-08-12,103.13999938964844,5344.39013671875
2024-08-13,102.55999755859375,5434.43017578125
2024-08-14,102.56999969482422,5455.2099609375
2024-08-15,102.9800033569336,5543.22021484375
2024-08-16,102.45999908447266,5554.25
2024-08-19,101.88999938964844,5608.25
2024-08-20,101.44000244140625,5597.1201171875
2024-08-21,101.04000091552734,5620.85009765625
2024-08-22,101.51000213623047,5570.64013671875
2024-08-23,100.72000122070312,5634.60986328125
2024-08-26,100.8499984741211,5616.83984375
2024-08-27,100.55000305175781,5625.7998046875
2024-08-28,101.08999633789062,5592.18017578125
2024-08-29,101.33999633789062,5591.9599609375
2024-08-30,101.69999694824219,5648.39990234375
2024-09-03,101.83000183105469,5528.93017578125
2024-09-04,101.36000061035156,5520.06982421875
2024-09-05,101.11000061035156,5503.41015625
2024-09-06,101.18000030517578,5408.419921875
2024-09-09,101.55000305175781,5471.0498046875
2024-09-10,101.62999725341797,5495.52001953125
2024-09-11,101.68000030517578,5554.1298828125
2024-09-12,101.37000274658203,5595.759765625
2024-09-13,101.11000061035156,5626.02001953125
2024-09-16,100.76000213623047,5633.08984375
2024-09-17,100.88999938964844,5634.580078125
2024-09-18,100.5999984741211,5618.259765625
2024-09-19,100.61000061035156,5713.64013671875
2024-09-20,100.72000122070312,5702.5498046875
2024-09-23,100.91999816894531,5718.56982421875
2024-09-24,100.37000274658203,5732.93017578125
2024-09-25,100.91999816894531,5722.259765625
2024-09-26,100.55999755859375,5745.3701171875
2024-09-27,100.41999816894531,5738.169921875
2024-09-30,100.77999877929688,5762.47998046875
2024-10-01,101.19000244140625,5708.75
2024-10-02,101.68000030517578,5709.5400390625
2024-10-03,101.98999786376953,5699.93994140625
2024-10-04,102.5199966430664,5751.06982421875
2024-10-07,102.54000091552734,5695.93994140625
2024-10-08,102.55000305175781,5751.1298828125
2024-10-09,102.93000030517578,5792.0400390625
2024-10-10,102.98999786376953,5780.0498046875
2024-10-11,102.88999938964844,5815.02978515625
2024-10-14,103.30000305175781,5859.85009765625
2024-10-15,103.26000213623047,5815.259765625
2024-10-16,103.58999633789062,5842.47021484375
2024-10-17,103.83000183105469,5841.47021484375
2024-10-18,103.48999786376953,5864.669921875
2024-10-21,104.01000213623047,5853.97998046875
2024-10-22,104.08000183105469,5851.2001953125
2024-10-23,104.43000030517578,5797.419921875
2024-10-24,104.05999755859375,5809.85986328125
2024-10-25,104.26000213623047,5808.1201171875
2024-10-28,104.31999969482422,5823.52001953125
2024-10-29,104.27999877929688,5832.919921875
2024-10-30,103.98999786376953,5813.669921875
2024-10-31,103.9800033569336,5705.4501953125
2024-11-01,104.27999877929688,5728.7998046875
2024-11-04,103.88999938964844,5712.68994140625
2024-11-05,103.41999816894531,5782.759765625
2024-11-06,105.08999633789062,5929.0400390625
2024-11-07,104.51000213623047,5973.10009765625
2024-11-08,105.0,5995.5400390625
2024-11-11,105.54000091552734,6001.35009765625
2024-11-12,106.0199966430664,5983.990234375
2024-11-13,106.4800033569336,5985.3798828125
2024-11-14,106.66999816894531,5949.169921875
2024-11-15,106.69000244140625,5870.6201171875
2024-11-18,106.27999877929688,5893.6201171875
2024-11-19,106.20999908447266,5916.97998046875
2024-11-20,106.68000030517578,5917.10986328125
2024-11-21,106.97000122070312,5948.7099609375
2024-11-22,107.48999786376953,5969.33984375
2024-11-25,106.81999969482422,5987.3701171875
2024-11-26,107.01000213623047,6021.6298828125
2024-11-27,106.08000183105469,5998.740234375
2024-11-29,105.73999786376953,6032.3798828125
2024-12-02,106.44999694824219,6047.14990234375
2024-12-03,106.37000274658203,6049.8798828125
2024-12-04,106.33999633789062,6086.490234375
2024-12-05,105.70999908447266,6075.10986328125
2024-12-06,105.97000122070312,6090.27001953125
2024-12-09,106.1500015258789,6052.85009765625
2024-12-10,106.4000015258789,6034.91015625
2024-12-11,106.70999908447266,6084.18994140625
2024-12-12,106.95999908447266,6051.25
2024-12-13,107.0,6051.08984375
2024-12-16,106.86000061035156,6074.080078125
2024-12-17,106.95999908447266,6050.60986328125
2024-12-18,108.02999877929688,5872.16015625
2024-12-19,108.41000366210938,5867.080078125
2024-12-20,107.62000274658203,5930.85009765625
2024-12-23,108.04000091552734,5974.06982421875
2024-12-24,108.26000213623047,6040.0400390625
2024-12-26,108.12999725341797,6037.58984375
2024-12-27,108.0,5970.83984375
2024-12-30,108.12999725341797,5906.93994140625
2024-12-31,108.48999786376953,5881.6298828125
2025-01-02,109.38999938964844,5868.5498046875
2025-01-03,108.94999694824219,5942.47021484375
2025-01-06,108.26000213623047,5975.3798828125
2025-01-07,108.54000091552734,5909.02978515625
2025-01-08,109.08999633789062,5918.25
2025-01-09,109.18000030517578,5918.25
2025-01-10,109.6500015258789,5827.0400390625
2025-01-13,109.95999908447266,5836.22021484375
2025-01-14,109.2699966430664,5842.91015625
2025-01-15,109.08999633789062,5949.91015625
2025-01-16,108.95999908447266,5937.33984375
2025-01-17,109.3499984741211,5996.66015625
2025-01-21,108.05999755859375,6049.240234375
2025-01-22,108.16999816894531,6086.3701171875
2025-01-23,108.05000305175781,6118.7099609375
2025-01-24,107.44000244140625,6101.240234375
2025-01-27,107.33999633789062,6012.27978515625
2025-01-28,107.87000274658203,6067.7001953125
2025-01-29,108.0,6039.31005859375
2025-01-30,107.80000305175781,6071.169921875
2025-01-31,108.37000274658203,6040.52978515625
2025-02-03,108.98999786376953,5994.56982421875
2025-02-04,107.95999908447266,6037.8798828125
2025-02-05,107.58000183105469,6061.47998046875
2025-02-06,107.69000244140625,6083.56982421875
2025-02-07,108.04000091552734,6025.990234375
2025-02-10,108.31999969482422,6066.43994140625
2025-02-11,107.95999908447266,6068.5
2025-02-12,107.94000244140625,6051.97021484375
2025-02-13,107.30999755859375,6115.06982421875
2025-02-14,106.56999969482422,6114.6298828125
2025-02-18,107.05000305175781,6129.580078125
2025-02-19,107.16999816894531,6144.14990234375
2025-02-20,106.33999633789062,6117.52001953125
2025-02-21,106.61000061035156,6013.1298828125
2025-02-24,106.5999984741211,5983.25
2025-02-25,106.30999755859375,5955.25
2025-02-26,106.41999816894531,5956.06005859375
2025-02-27,107.23999786376953,5861.56982421875
2025-02-28,107.61000061035156,5954.5
2025-03-03,106.75,5849.72021484375
2025-03-04,105.73999786376953,5778.14990234375
2025-03-05,105.73999786376953,5842.6298828125
2025-03-06,104.05999755859375,5738.52001953125
2025-03-07,103.83999633789062,5770.2001953125
2025-03-10,103.91000366210938,5614.56005859375
2025-03-11,103.44000244140625,5572.06982421875
2025-03-12,103.61000061035156,5599.2998046875
2025-03-13,103.83000183105469,5521.52001953125
2025-03-14,103.72000122070312,5638.93994140625
2025-03-17,103.37000274658203,5675.1201171875
2025-03-18,103.23999786376953,5614.66015625
2025-03-19,103.43000030517578,5675.2900390625
2025-03-20,103.8499984741211,5662.89013671875
2025-03-21,104.08999633789062,5667.56005859375
2025-03-24,104.26000213623047,5767.56982421875
2025-03-25,104.18000030517578,5776.64990234375
2025-03-26,104.55000305175781,5712.2001953125
2025-03-27,104.06999969482422,5693.31005859375
2025-03-28,104.04000091552734,5580.93994140625
2025-03-31,104.20999908447266,5611.85009765625
2025-04-01,104.26000213623047,5633.06982421875
2025-04-02,103.80999755859375,5670.97021484375
2025-04-03,102.06999969482422,5396.52001953125
2025-04-04,103.0199966430664,5074.080078125
2025-04-07,103.26000213623047,5062.25
2025-04-08,102.95999908447266,4982.77001953125
2025-04-09,102.9000015258789,5456.89990234375
2025-04-10,100.87000274658203,5268.0498046875
2025-04-11,99.77999877929688,5363.35986328125
2025-04-14,99.63999938964844,5405.97021484375
2025-04-15,100.22000122070312,5396.6298828125
2025-04-16,99.37999725341797,5275.7001953125
2025-04-17,99.37999725341797,5282.7001953125
2025-04-21,98.27999877929688,5158.2001953125
2025-04-22,98.91999816894531,5287.759765625
2025-04-23,99.83999633789062,5375.85986328125
2025-04-24,99.29000091552734,5484.77001953125
2025-04-25,99.47000122070312,5525.2099609375
2025-04-28,99.01000213623047,5528.75
2025-04-29,99.23999786376953,5560.830078125
2025-04-30,99.47000122070312,5569.06005859375
2025-05-01,100.25,5604.14013671875
2025-05-02,100.0,5686.669921875
2025-05-05,99.83000183105469,5650.3798828125
2025-05-06,99.23999786376953,5606.91015625
2025-05-07,99.61000061035156,5631.27978515625
2025-05-08,100.63999938964844,5663.93994140625
2025-05-09,100.33999633789062,5659.91015625
2025-05-12,101.79000091552734,5844.18994140625
2025-05-13,101.0,5886.5498046875
2025-05-14,101.04000091552734,5892.580078125
2025-05-15,100.87999725341797,5916.93017578125
2025-05-16,101.08999633789062,5958.3798828125
2025-05-19,100.43000030517578,5963.60009765625
2025-05-20,100.12000274658203,5940.4599609375
2025-05-21,99.55999755859375,5844.60986328125
2025-05-22,99.95999908447266,5842.009765625
2025-05-23,99.11000061035156,5802.81982421875
2025-05-26,98.93000030517578,5802.81982421875
2025-05-27,99.5199966430664,5921.5400390625
2025-05-28,99.87999725341797,5888.5498046875
2025-05-29,99.27999877929688,5912.169921875
2025-05-30,99.33000183105469,5911.68994140625
2025-06-02,98.69999694824219,5935.93994140625
2025-06-03,99.25,5970.3701171875
2025-06-04,98.79000091552734,5970.81005859375
2025-06-05,98.73999786376953,5939.2998046875
2025-06-06,99.19000244140625,6000.35986328125
2025-06-09,98.94000244140625,6005.8798828125
2025-06-10,99.05000305175781,6038.81005859375
2025-06-11,98.62999725341797,6022.240234375
2025-06-12,97.91999816894531,6045.259765625
2025-06-13,98.18000030517578,5976.97021484375
2025-06-16,98.0,6033.10986328125
2025-06-17,98.81999969482422,5982.72021484375
2025-06-18,98.91000366210938,5980.8701171875
2025-06-20,98.70999908447266,5967.83984375
2025-06-23,98.41999816894531,6025.169921875
2025-06-24,97.86000061035156,6092.18017578125
2025-06-25,97.68000030517578,6092.16015625
2025-06-26,97.1500015258789,6141.02001953125
2025-06-27,97.4000015258789,6173.06982421875
2025-06-30,96.87999725341797,6204.9501953125
2025-07-01,96.81999969482422,6198.009765625
2025-07-02,96.77999877929688,6227.419921875
2025-07-03,97.18000030517578,6279.35009765625
2025-07-07,97.4800033569336,6229.97998046875
2025-07-08,97.51000213623047,6225.52001953125
2025-07-09,97.47000122070312,6263.259765625
2025-07-10,97.6500015258789,6280.4599609375
2025-07-11,97.8499984741211,6259.75
2025-07-14,98.08000183105469,6268.56005859375
2025-07-15,98.62000274658203,6243.759765625
2025-07-16,98.38999938964844,6263.7001953125
2025-07-17,98.7300033569336,6297.35986328125
2025-07-18,98.4800033569336,6296.7900390625
2025-07-21,97.8499984741211,6305.60009765625
2025-07-22,97.38999938964844,6309.6201171875
2025-07-23,97.20999908447266,6358.91015625
2025-07-24,97.37999725341797,6363.35009765625
2025-07-25,97.6500015258789,6388.64013671875
2025-07-28,98.66000366210938,6389.77001953125
2025-07-29,98.91000366210938,6370.85986328125
2025-07-30,99.94000244140625,6362.89990234375
2025-07-31,100.02999877929688,6339.39013671875
2025-08-01,98.69000244140625,6238.009765625
2025-08-04,98.77999877929688,6329.93994140625
2025-08-05,98.77999877929688,6299.18994140625
2025-08-06,98.18000030517578,6345.06005859375
2025-08-07,98.4000015258789,6340.0
2025-08-08,98.18000030517578,6389.4501953125
2025-08-11,98.5199966430664,6373.4501953125
2025-08-12,98.0999984741211,6445.759765625
2025-08-13,97.83999633789062,6466.580078125
2025-08-14,98.25,6468.5400390625
2025-08-15,97.8499984741211,6449.7998046875
2025-08-18,98.16999816894531,6449.14990234375
2025-08-19,98.2699966430664,6411.3701171875
2025-08-20,98.22000122070312,6395.77978515625
2025-08-21,98.62000274658203,6370.169921875
2025-08-22,97.72000122070312,6466.91015625
2025-08-25,98.43000030517578,6439.31982421875
2025-08-26,98.2300033569336,6465.93994140625
2025-08-27,98.2300033569336,6481.39990234375
2025-08-28,97.80999755859375,6501.85986328125
2025-08-29,97.7699966430664,6460.259765625
2025-09-02,98.4000015258789,6415.5400390625
2025-09-03,98.13999938964844,6448.259765625
2025-09-04,98.3499984741211,6502.080078125
2025-09-05,97.7699966430664,6481.5
2025-09-08,97.44999694824219,6495.14990234375
2025-09-09,97.79000091552734,6512.60986328125
2025-09-10,97.77999877929688,6532.0400390625
2025-09-11,97.54000091552734,6587.47021484375
2025-09-12,97.55000305175781,6584.2900390625
2025-09-15,97.30000305175781,6615.27978515625
2025-09-16,96.62999725341797,6606.759765625
2025-09-17,96.87000274658203,6600.35009765625
2025-09-18,97.3499984741211,6631.9599609375
2025-09-19,97.63999938964844,6664.35986328125
2025-09-22,97.33000183105469,6693.75
2025-09-23,97.26000213623047,6656.919921875
2025-09-24,97.87000274658203,6637.97021484375
2025-09-25,98.55000305175781,6604.72021484375
2025-09-26,98.1500015258789,6643.7001953125
2025-09-29,97.91000366210938,6661.2099609375
2025-09-30,97.7699966430664,6688.4599609375
2025-10-01,97.70999908447266,6711.2001953125
2025-10-02,97.8499984741211,6715.35009765625
2025-10-03,97.72000122070312,6715.7900390625
2025-10-06,98.11000061035156,6740.27978515625
2025-10-07,98.58000183105469,6714.58984375
2025-10-08,98.8499984741211,6753.72021484375
2025-10-09,99.54000091552734,6735.10986328125
2025-10-10,98.9800033569336,6552.509765625
2025-10-13,99.2699966430664,6654.72021484375
2025-10-14,99.05000305175781,6644.31005859375
2025-10-15,98.79000091552734,6671.06005859375
2025-10-16,98.38999938964844,6629.06982421875
2025-10-17,98.43000030517578,6664.009765625
2025-10-20,98.58999633789062,6735.1298828125
2025-10-21,98.93000030517578,6735.35009765625
2025-10-22,98.9000015258789,6699.39990234375
2025-10-23,98.94000244140625,6738.43994140625
2025-10-24,98.94999694824219,6791.68994140625
2025-10-27,98.77999877929688,6875.16015625
2025-10-28,98.69000244140625,6890.89013671875
2025-10-29,99.22000122070312,6890.58984375
2025-10-30,99.52999877929688,6822.33984375
2025-10-31,99.80000305175781,6840.2001953125
2025-11-03,99.87000274658203,6851.97021484375
2025-11-04,100.22000122070312,6771.5498046875
2025-11-05,100.19999694824219,6796.2900390625
2025-11-06,99.7300033569336,6720.31982421875
2025-11-07,99.5999984741211,6728.7998046875
2025-11-10,99.62000274658203,6832.43017578125
2025-11-11,99.45999908447266,6846.60986328125
2025-11-12,99.4800033569336,6850.919921875
2025-11-13,99.18000030517578,6737.490234375
2025-11-14,99.2699966430664,6734.10986328125
2025-11-17,99.58999633789062,6672.41015625
2025-11-18,99.55000305175781,6617.31982421875
2025-11-19,100.2300033569336,6642.16015625
2025-11-20,100.16000366210938,6538.759765625
2025-11-21,100.18000030517578,6602.990234375
2025-11-24,100.13999938964844,6705.1201171875
2025-11-25,99.66000366210938,6765.8798828125
2025-11-26,99.5999984741211,6812.60986328125
2025-11-28,99.45999908447266,6849.08984375
2025-12-01,99.41000366210938,6812.6298828125
2025-12-02,99.36000061035156,6829.3701171875
2025-12-03,98.8499984741211,6849.72021484375
2025-12-04,98.98999786376953,6857.1201171875
2025-12-05,98.98999786376953,6870.39990234375
2025-12-08,99.08999633789062,6846.509765625
2025-12-09,99.22000122070312,6840.509765625
2025-12-10,98.79000091552734,6886.68017578125
2025-12-11,98.3499984741211,6901.0
2025-12-12,98.4000015258789,6827.41015625
2025-12-15,98.1500015258789,6816.509765625
2025-12-16,98.1500015258789,6800.259765625
2025-12-17,98.37000274658203,6721.43017578125
2025-12-18,98.43000030517578,6774.759765625
2025-12-19,98.5999984741211,6834.5
2025-12-22,98.29000091552734,6878.490234375
2025-12-23,97.94000244140625,6909.7900390625
2025-12-24,97.9800033569336,6932.0498046875
2025-12-26,98.0199966430664,6929.93994140625
2025-12-29,98.04000091552734,6905.740234375
2025-12-30,98.23999786376953,6896.240234375
2025-12-31,98.27999877929688,6845.5
2026-01-02,98.41999816894531,6858.47021484375
2026-01-05,98.2699966430664,6902.0498046875
2026-01-06,98.58000183105469,6944.81982421875
2026-01-07,98.68000030517578,6920.93017578125
2026-01-08,98.93000030517578,6921.4599609375
2026-01-09,99.12999725341797,6966.27978515625
2026-01-12,98.86000061035156,6977.27001953125
2026-01-13,99.12999725341797,6963.740234375
2026-01-14,99.12999725341797,6926.60009765625
2026-01-15,99.31999969482422,6944.47021484375
2026-01-16,99.38999938964844,6940.009765625
2026-01-20,98.63999938964844,6796.85986328125
2026-01-21,98.76000213623047,6875.6201171875
2026-01-22,98.36000061035156,6913.35009765625
2026-01-23,97.5999984741211,6915.60986328125
2026-01-26,97.04000091552734,6950.22998046875
2026-01-27,96.22000122070312,6978.60009765625
2026-01-28,96.44999694824219,6978.02978515625
2026-01-29,96.27999877929688,6969.009765625
2026-01-30,96.98999786376953,6939.02978515625
2026-02-02,97.61000061035156,6976.43994140625
2026-02-03,97.44000244140625,6917.81005859375
2026-02-04,97.62000274658203,6882.72021484375
2026-02-05,97.81999969482422,6798.39990234375
2026-02-06,97.62999725341797,6932.2998046875
2026-02-09,96.81999969482422,6964.81982421875
2026-02-10,96.80000305175781,6941.81005859375
2026-02-11,96.83000183105469,6941.47021484375
2026-02-12,96.93000030517578,6832.759765625
2026-02-13,96.87999725341797,6836.169921875
2026-02-17,97.16000366210938,6843.22021484375
2026-02-18,97.69999694824219,6881.31005859375
2026-02-19,97.93000030517578,6861.89013671875
2026-02-20,97.80000305175781,6909.509765625
2026-02-23,97.69999694824219,6837.75
2026-02-24,97.87999725341797,6890.06982421875
2026-02-25,97.69999694824219,6946.1298828125
2026-02-26,97.79000091552734,6908.85986328125
2026-02-27,97.61000061035156,6878.8798828125
2026-03-02,98.37999725341797,6881.6201171875
2026-03-03,99.05000305175781,6816.6298828125
2026-03-04,98.7699966430664,6869.5
2026-03-05,99.31999969482422,6830.7099609375
2026-03-06,98.95600128173828,6755.18017578125
