datetime,open,high,low,close,volume,res
2019-08-08 10:00:00,1.46528173,2.11172955,1.46528173,1.9234658,205053709,1d
2019-08-14 10:00:00,1.9234658,2.04141418,1.9234658,2.00965885,21158450,1d
2019-08-15 10:00:00,2.00965885,2.03007299,1.95068466,1.96883056,10548866,1d
2019-08-18 10:00:00,1.96883056,2.01419532,1.96883056,1.99151294,4805514,1d
2019-08-19 10:00:00,1.99151294,2.01419532,1.96202585,1.99151294,10723081,1d
2019-08-20 10:00:00,1.99151294,2.0187318,1.97790351,1.98697647,10422759,1d
2019-08-21 10:00:00,1.98697647,2.05275537,1.98697647,2.03460946,4232518,1d
2019-08-22 10:00:00,2.03460946,2.04141418,1.99604942,2.01419532,10752870,1d
2019-08-25 10:00:00,2.01419532,2.0187318,1.95522113,1.98924493,4292045,1d
2019-08-26 10:00:00,1.98924493,2.0187318,1.94161171,1.98243999,941585,1d
2019-08-27 10:00:00,1.98243999,2.12987546,1.98243999,2.04141418,19498721,1d
2019-08-28 10:00:00,2.04141418,2.20019084,2.04141418,2.14121665,13692522,1d
2019-08-29 10:00:00,2.14121665,2.27050621,2.14121665,2.24555559,34975487,1d
2019-09-01 10:00:00,2.24555559,2.25236031,2.20472731,2.23194617,1905699,1d
2019-09-02 10:00:00,2.23194617,2.26823797,2.22287322,2.26596974,15006057,1d
2019-09-03 10:00:00,2.26596974,2.2818474,2.2342144,2.26823797,8538623,1d
2019-09-04 10:00:00,2.26823797,2.37484516,2.26823797,2.30679802,10842945,1d
2019-09-05 10:00:00,2.30679802,2.33628511,2.28865212,2.32267569,22182835,1d
2019-09-08 10:00:00,2.32267569,2.3476263,2.26823797,2.3294804,3464790,1d
2019-09-09 10:00:00,2.3294804,2.3294804,2.26823797,2.2818474,1883611,1d
2019-09-10 10:00:00,2.2818474,2.30906626,2.23875088,2.26823797,5571271,1d
2019-09-11 10:00:00,2.26823797,2.27050621,2.22287322,2.2637015,4980103,1d
2019-09-12 10:00:00,2.2637015,2.2637015,2.14121665,2.18431317,1348694,1d
2019-09-15 10:00:00,2.18431317,2.21153203,2.17297198,2.18431317,518406,1d
2019-09-16 10:00:00,2.18431317,2.20699555,2.12080251,2.18204493,519442,1d
2019-09-17 10:00:00,2.18204493,2.19565436,2.04141418,2.11626603,2061366,1d
2019-09-18 10:00:00,2.11626603,2.15482608,2.08677894,2.15255784,359490,1d
2019-09-19 10:00:00,2.15255784,2.23194617,2.15255784,2.20926379,3314890,1d
2019-09-22 10:00:00,2.20926379,2.20926379,1.98924493,2.03234123,10955340,1d
2019-09-23 10:00:00,2.03234123,2.09812013,1.92800228,2.03914594,51909998,1d
2019-09-24 10:00:00,2.03914594,2.06636479,1.87129633,1.91212461,1864076,1d
2019-09-25 10:00:00,1.91212461,2.05048713,1.91212461,2.00739061,3578725,1d
2019-09-26 10:00:00,2.00739061,2.07316951,1.98470823,2.03914594,16999627,1d
2019-09-29 10:00:00,2.03914594,2.21833674,2.03914594,2.11853427,1679285,1d
2019-09-30 10:00:00,2.11853427,2.15482608,2.07997422,2.10946132,2259414,1d
2019-10-01 10:00:00,2.10946132,2.10946132,2.08224246,2.09585189,945950,1d
2019-10-02 10:00:00,2.09585189,2.12533898,2.04368242,2.05729184,491967,1d
2019-10-03 10:00:00,2.05729184,2.10946132,2.05729184,2.09131541,869485,1d
2019-10-07 10:00:00,2.09131541,2.12760722,2.06409656,2.08224246,353631,1d
2019-10-08 10:00:00,2.08224246,2.10265683,2.04595088,2.09131541,765126,1d
2019-10-09 10:00:00,2.09131541,2.09131541,2.04141418,2.04141418,599778,1d
2019-10-10 10:00:00,2.04141418,2.06182832,2.0187318,2.03914594,156376,1d
2019-10-13 10:00:00,2.03914594,2.04141418,1.99604942,2.02553651,32192,1d
2019-10-14 10:00:00,2.02553651,2.07543775,1.99831766,2.01419532,725188,1d
2019-10-15 10:00:00,2.01419532,2.03914594,1.97336704,1.98470823,681061,1d
2019-10-16 10:00:00,1.98470823,2.05956008,1.97336704,2.0368777,1211799,1d
2019-10-17 10:00:00,2.0368777,2.05956008,2.00058589,2.01419532,78765,1d
2019-10-20 10:00:00,2.01419532,2.03914594,1.97790351,2.00965885,130766,1d
2019-10-21 10:00:00,2.00965885,2.03460946,1.97563528,1.98697647,122698,1d
2019-10-22 10:00:00,1.98697647,2.04141418,1.98697647,2.00739061,2209525,1d
2019-10-23 10:00:00,2.00739061,2.04141418,2.00739061,2.01646356,994322,1d
2019-10-24 10:00:00,2.01646356,2.04141418,2.00739061,2.01192708,282646,1d
2019-10-27 10:00:00,2.01192708,2.03914594,1.99151294,1.99831766,112774,1d
2019-10-28 10:00:00,1.99831766,2.03007299,1.95522113,1.98243999,649116,1d
2019-10-29 10:00:00,1.98243999,2.00285413,1.9529529,1.97336704,2790659,1d
2019-10-30 10:00:00,1.97336704,2.00739061,1.92800228,1.94841642,477727,1d
2019-10-31 10:00:00,1.94841642,1.99604942,1.94841642,1.98697647,556480,1d
2019-11-03 10:00:00,1.98697647,2.00058589,1.93934347,1.95522113,195799,1d
2019-11-04 10:00:00,1.95522113,1.95975761,1.93934347,1.95068466,623435,1d
2019-11-05 10:00:00,1.95068466,2.00739061,1.94387994,1.99151294,553711,1d
2019-11-06 10:00:00,1.99151294,2.00965885,1.97336704,1.99831766,212609,1d
2019-11-07 10:00:00,1.99831766,1.99831766,1.95522113,1.97336704,709921,1d
2019-11-11 10:00:00,1.97336704,1.98697647,1.95522113,1.97336704,6900206,1d
2019-11-12 10:00:00,1.97336704,1.97336704,1.95522113,1.96883056,84519,1d
2019-11-13 10:00:00,1.96883056,1.97336704,1.93480699,1.95068466,167976,1d
2019-11-14 10:00:00,1.95068466,2.00058589,1.95068466,1.97563528,1170913,1d
2019-11-17 10:00:00,1.97563528,1.98924493,1.95068466,1.95522113,61937,1d
2019-11-18 10:00:00,1.95522113,1.98243999,1.95068466,1.97336704,3847171,1d
2019-11-19 10:00:00,1.97336704,1.97336704,1.9529529,1.96883056,76799,1d
2019-11-20 10:00:00,1.96883056,1.97336704,1.92800228,1.95068466,5122354,1d
2019-11-21 10:00:00,1.95068466,1.95068466,1.83727276,1.92800228,2573080,1d
2019-11-24 10:00:00,1.92800228,1.95748937,1.92800228,1.93253898,67664,1d
2019-11-25 10:00:00,1.93253898,1.93253898,1.9053199,1.92573404,2140361,1d
2019-11-26 10:00:00,1.92573404,1.92800228,1.89397871,1.91666109,149882,1d
2019-11-27 10:00:00,1.91666109,1.91666109,1.89171047,1.90305166,48539,1d
2019-11-28 10:00:00,1.90305166,1.93253898,1.88490576,1.92573404,3683158,1d
2019-12-01 10:00:00,1.92573404,1.92573404,1.85088219,1.88944223,150998,1d
2019-12-02 10:00:00,1.88944223,1.88944223,1.78283505,1.83273628,940148,1d
2019-12-03 10:00:00,1.83273628,1.9053199,1.76922562,1.81912708,347842,1d
2019-12-04 10:00:00,1.81912708,1.91439285,1.81912708,1.9053199,9923381,1d
2019-12-05 10:00:00,1.9053199,2.03914594,1.9053199,1.93253898,442462,1d
2019-12-08 10:00:00,1.93253898,1.93253898,1.87129633,1.93253898,11669,1d
2019-12-09 10:00:00,1.93253898,1.93253898,1.84180924,1.87129633,10466031,1d
2019-12-10 10:00:00,1.87129633,1.91666109,1.84634571,1.84861395,20588,1d
2019-12-11 10:00:00,1.84861395,1.89397871,1.84861395,1.84861395,8989,1d
2019-12-12 10:00:00,1.84861395,1.86449162,1.84861395,1.85995514,52904,1d
2019-12-15 10:00:00,1.85995514,1.90078342,1.81685862,1.85995514,14019,1d
2019-12-16 10:00:00,1.85995514,1.88263752,1.82593157,1.87129633,4374320,1d
2019-12-17 10:00:00,1.87129633,1.9053199,1.839541,1.88263752,3203887,1d
2019-12-18 10:00:00,1.88263752,1.89397871,1.88263752,1.88263752,243409,1d
2019-12-19 10:00:00,1.88263752,1.92573404,1.88263752,1.88490576,765638,1d
2019-12-22 10:00:00,1.88490576,1.88490576,1.87129633,1.88263752,1743538,1d
2019-12-23 10:00:00,1.88263752,1.88263752,1.83727276,1.86675985,27514,1d
2019-12-24 10:00:00,1.86675985,1.87129633,1.82819981,1.839541,44042,1d
2019-12-25 10:00:00,1.839541,1.86222338,1.83273628,1.84861395,50717,1d
2019-12-26 10:00:00,1.84861395,1.88036928,1.83727276,1.839541,264676,1d
2019-12-29 10:00:00,1.839541,1.839541,1.70117848,1.75788443,1864028,1d
2019-12-30 10:00:00,1.75788443,1.78510329,1.73973853,1.76468914,219588,1d
2019-12-31 10:00:00,1.76468914,1.81459038,1.74654324,1.76922562,2544909,1d
2020-01-02 10:00:00,1.76922562,1.81459038,1.76922562,1.81459038,215144,1d
2020-01-05 10:00:00,1.81459038,1.81459038,1.70117848,1.72839734,1167637,1d
2020-01-06 10:00:00,1.72839734,1.81459038,1.70117848,1.75107972,441682,1d
2020-01-08 10:00:00,1.75107972,1.76922562,1.7261291,1.74881148,511238,1d
2020-01-09 10:00:00,1.74881148,1.81459038,1.74881148,1.791908,666706,1d
2020-01-12 10:00:00,1.791908,1.79871271,1.76922562,1.78056681,521814,1d
2020-01-13 10:00:00,1.78056681,1.78056681,1.75107972,1.78056681,897123,1d
2020-01-14 10:00:00,1.78056681,1.78056681,1.75788443,1.75788443,289819,1d
2020-01-15 10:00:00,1.75788443,1.75788443,1.72386086,1.74200676,43271,1d
2020-01-16 10:00:00,1.74200676,1.74654324,1.72386086,1.73747029,95307,1d
2020-01-19 10:00:00,1.73747029,1.76695738,1.6784961,1.70344672,124881,1d
2020-01-20 10:00:00,1.70344672,1.73293381,1.68530082,1.68756905,36473,1d
2020-01-21 10:00:00,1.68756905,1.73520205,1.68756905,1.71478791,295921,1d
2020-01-22 10:00:00,1.71478791,1.77603033,1.71478791,1.76922562,1412849,1d
2020-01-23 10:00:00,1.76922562,1.9053199,1.70117848,1.82819981,2868482,1d
2020-01-26 10:00:00,1.82819981,1.87129633,1.81459038,1.81685862,343923,1d
2020-01-27 10:00:00,1.81685862,1.85995514,1.78056681,1.81685862,4285,1d
2020-01-28 10:00:00,1.81685862,1.839541,1.81459038,1.81912708,87512,1d
2020-01-29 10:00:00,1.81912708,1.86902809,1.81459038,1.84634571,178971,1d
2020-01-30 10:00:00,1.84634571,1.95068466,1.84634571,1.90758814,2285505,1d
2020-02-02 10:00:00,1.90758814,1.91212461,1.81459038,1.88036928,197708,1d
2020-02-03 10:00:00,1.88036928,1.88036928,1.81459038,1.83046805,307163,1d
2020-02-04 10:00:00,1.83046805,1.90985637,1.81685862,1.90305166,6424603,1d
2020-02-05 10:00:00,1.90305166,1.93934347,1.84861395,1.91212461,121239,1d
2020-02-06 10:00:00,1.91212461,1.92800228,1.91212461,1.92800228,487162,1d
2020-02-09 10:00:00,1.92800228,1.95068466,1.88944223,1.94161171,43756,1d
2020-02-10 10:00:00,1.94161171,1.94161171,1.85315043,1.92119756,441047,1d
2020-02-11 10:00:00,1.92119756,1.92119756,1.91212461,1.92119756,1807,1d
2020-02-12 10:00:00,1.92119756,1.95748937,1.87356457,1.95068466,4761960,1d
2020-02-13 10:00:00,1.95068466,1.95975761,1.93934347,1.95068466,1071338,1d
2020-02-16 10:00:00,1.95068466,1.95068466,1.91666109,1.92573404,31769,1d
2020-02-17 10:00:00,1.92573404,1.95068466,1.92573404,1.95068466,1412329,1d
2020-02-18 10:00:00,1.95068466,2.04141418,1.95068466,2.01646356,3861429,1d
2020-02-19 10:00:00,2.01646356,2.10946132,2.01646356,2.06409656,1336544,1d
2020-02-20 10:00:00,2.06409656,2.08677894,2.05048713,2.0845107,4770857,1d
2020-02-23 10:00:00,2.0845107,2.12080251,2.06636479,2.08677894,1351172,1d
2020-02-24 10:00:00,2.08677894,2.08677894,2.0187318,2.04595088,94654,1d
2020-02-25 10:00:00,2.04595088,2.04595088,2.0187318,2.0368777,57313,1d
2020-02-26 10:00:00,2.0368777,2.0368777,1.95068466,2.0187318,4234313,1d
2020-02-27 10:00:00,2.0187318,2.0187318,1.97336704,1.99378118,5820196,1d
2020-03-01 10:00:00,1.99378118,1.99378118,1.81459038,1.86675985,811215,1d
2020-03-02 10:00:00,1.86675985,1.88263752,1.83727276,1.86902809,1089158,1d
2020-03-03 10:00:00,1.86902809,1.97336704,1.86675985,1.92800228,1400783,1d
2020-03-04 10:00:00,1.92800228,1.92800228,1.88263752,1.92800228,586666,1d
2020-03-05 10:00:00,1.92800228,1.92800228,1.92800228,1.92800228,28656,1d
2020-03-08 10:00:00,1.92800228,1.92800228,1.83727276,1.87810104,53786,1d
2020-03-09 10:00:00,1.87810104,1.88036928,1.75788443,1.84407747,861704,1d
2020-03-10 10:00:00,1.84407747,1.8576869,1.82593157,1.839541,1169868,1d
2020-03-11 10:00:00,1.839541,1.9053199,1.81459038,1.86449162,9080246,1d
2020-03-15 10:00:00,1.86449162,1.86449162,1.6784961,1.71478791,4721144,1d
2020-03-16 10:00:00,1.71478791,1.71478791,1.61044896,1.63313134,6788295,1d
2020-03-17 10:00:00,1.63313134,1.64674077,1.53106063,1.59003482,167623,1d
2020-03-18 10:00:00,1.59003482,1.6308631,1.54240182,1.58776658,1676896,1d
2020-03-19 10:00:00,1.58776658,1.61044896,1.51971944,1.58776658,12378648,1d
2020-03-22 10:00:00,1.58776658,1.65127725,1.58776658,1.59910777,3429490,1d
2020-03-23 10:00:00,1.59910777,1.74654324,1.59910777,1.68983729,675608,1d
2020-03-24 10:00:00,1.68983729,1.76922562,1.68983729,1.76242091,93398,1d
2020-03-25 10:00:00,1.76242091,1.77829857,1.76242091,1.77149386,41155,1d
2020-03-26 10:00:00,1.77149386,1.9053199,1.75334795,1.81685862,8069409,1d
2020-03-29 10:00:00,1.81685862,1.98470823,1.81685862,1.95975761,250877,1d
2020-03-30 10:00:00,1.95975761,1.98470823,1.92800228,1.96429409,266991,1d
2020-03-31 10:00:00,1.96429409,2.04141418,1.96429409,2.00285413,2434863,1d
2020-04-01 10:00:00,2.00285413,2.04141418,1.99604942,2.02553651,131026,1d
2020-04-02 10:00:00,2.02553651,2.03914594,1.97563528,2.00058589,999837,1d
2020-04-05 10:00:00,2.00058589,2.0187318,1.97336704,1.97790351,243541,1d
2020-04-06 10:00:00,1.97790351,2.0187318,1.97790351,2.01192708,4628509,1d
2020-04-07 10:00:00,2.01192708,2.06409656,2.01192708,2.03914594,232017,1d
2020-04-08 10:00:00,2.03914594,2.04141418,2.0187318,2.0187318,209806,1d
2020-04-09 10:00:00,2.0187318,2.05048713,2.0187318,2.04141418,3309873,1d
2020-04-12 10:00:00,2.04141418,2.06182832,2.0187318,2.04141418,900950,1d
2020-04-13 10:00:00,2.04141418,2.15482608,2.04141418,2.11626603,534913,1d
2020-04-14 10:00:00,2.11626603,2.21153203,2.11626603,2.15709431,2243865,1d
2020-04-15 10:00:00,2.15709431,2.15709431,2.09131541,2.15255784,958788,1d
2020-04-16 10:00:00,2.15255784,2.22060498,2.04141418,2.17297198,332861,1d
2020-04-21 10:00:00,2.17297198,2.22287322,2.1502896,2.20019084,831843,1d
2020-04-22 10:00:00,2.20019084,2.40433225,2.20019084,2.3113345,1713612,1d
2020-04-23 10:00:00,2.3113345,2.38164987,2.29999331,2.34535807,829864,1d
2020-04-26 10:00:00,2.34535807,2.37030868,2.31587097,2.34989454,653793,1d
2020-04-27 10:00:00,2.34989454,2.35669926,2.30226154,2.32494392,674378,1d
2020-04-28 10:00:00,2.32494392,2.33628511,2.28411564,2.32494392,585939,1d
2020-04-29 10:00:00,2.32494392,2.37938164,2.27957916,2.32721216,208769,1d
2020-04-30 10:00:00,2.32721216,2.37030868,2.26823797,2.32721216,282840,1d
2020-05-03 10:00:00,2.32721216,2.53589006,2.32721216,2.42928287,809721,1d
2020-05-04 10:00:00,2.42928287,2.67198433,2.42928287,2.50413472,3622988,1d
2020-05-05 10:00:00,2.50413472,2.55176772,2.43835582,2.49279353,2615241,1d
2020-05-06 10:00:00,2.49279353,2.5268171,2.38391811,2.44742877,214302,1d
2020-05-07 10:00:00,2.44742877,2.44742877,2.31360273,2.37030868,461750,1d
2020-05-10 10:00:00,2.37030868,2.47237939,2.32494392,2.41794168,68476,1d
2020-05-11 10:00:00,2.41794168,2.44969701,2.38164987,2.42020992,146884,1d
2020-05-12 10:00:00,2.42020992,2.44969701,2.39752754,2.44062406,258306,1d
2020-05-13 10:00:00,2.44062406,2.44062406,2.38164987,2.44062406,134793925,1d
2020-05-14 10:00:00,2.44062406,2.44062406,2.37030868,2.44062406,68030516,1d
2020-05-17 10:00:00,2.44062406,2.44062406,2.38164987,2.39752754,119475,1d
2020-05-18 10:00:00,2.39752754,2.39752754,2.37030868,2.38164987,1500411,1d
2020-05-19 10:00:00,2.38164987,2.49279353,2.38164987,2.4428923,279975,1d
2020-05-20 10:00:00,2.4428923,2.63115605,2.4428923,2.56537715,3759662,1d
2020-05-21 10:00:00,2.56537715,2.61981486,2.56537715,2.60847367,2199636,1d
2020-05-31 10:00:00,2.60847367,2.72188557,2.58579129,2.64703372,1127364,1d
2020-06-01 10:00:00,2.64703372,2.73322676,2.64249724,2.70827614,1821277,1d
2020-06-02 10:00:00,2.70827614,2.78993271,2.7060079,2.73322676,1207219,1d
2020-06-03 10:00:00,2.73322676,2.735495,2.69693495,2.71734909,221599,1d
2020-06-04 10:00:00,2.71734909,2.78539623,2.69239848,2.72188557,3599512,1d
2020-06-07 10:00:00,2.72188557,2.77859152,2.62888781,2.68332552,1687265,1d
2020-06-08 10:00:00,2.68332552,2.687862,2.58579129,2.60847367,16014479,1d
2020-06-09 10:00:00,2.60847367,2.67198433,2.58579129,2.61074191,1781369,1d
2020-06-10 10:00:00,2.61074191,2.65157019,2.58579129,2.61074191,1152625,1d
2020-06-11 10:00:00,2.61074191,2.61074191,2.59940072,2.60847367,540622,1d
2020-06-14 10:00:00,2.60847367,2.60847367,2.52454887,2.56764539,96550,1d
2020-06-15 10:00:00,2.56764539,2.67652081,2.55176772,2.60847367,6522538,1d
2020-06-16 10:00:00,2.60847367,2.76044562,2.60847367,2.72188557,1062366,1d
2020-06-17 10:00:00,2.72188557,2.94870937,2.72188557,2.85797985,510202,1d
2020-06-18 10:00:00,2.85797985,2.94870937,2.83529747,2.91014932,1032144,1d
2020-06-21 10:00:00,2.91014932,3.03943889,2.63115605,2.97592822,2845993,1d
2020-06-22 10:00:00,2.97592822,3.2730674,2.97592822,3.12790017,3872605,1d
2020-06-23 10:00:00,3.12790017,3.40235696,3.12790017,3.37060163,4107461,1d
2020-06-24 10:00:00,3.37060163,3.45906291,3.31616392,3.4227711,2562116,1d
2020-06-25 10:00:00,3.4227711,3.48628177,3.28894506,3.38874753,1627439,1d
2020-06-28 10:00:00,3.38874753,3.40235696,3.34111454,3.3864793,164471,1d
2020-06-29 10:00:00,3.3864793,3.55206067,3.3569922,3.42503934,537209,1d
2020-06-30 10:00:00,3.42503934,3.7675435,3.42503934,3.71764181,2615219,1d
2020-07-05 10:00:00,3.71764181,4.06014597,3.71764181,3.87415046,5793571,1d
2020-07-06 10:00:00,3.87415046,4.25975114,3.83332218,4.03973161,5215585,1d
2020-07-07 10:00:00,4.03973161,4.44347819,4.03973161,4.43440501,14717838,1d
2020-07-08 10:00:00,4.43440501,4.66122881,4.19624025,4.28470131,4084681,1d
2020-07-09 10:00:00,4.28470131,4.3527489,3.86734552,4.00117156,5037425,1d
2020-07-12 10:00:00,4.00117156,4.19170378,3.98075742,4.05787751,1039652,1d
2020-07-13 10:00:00,4.05787751,4.13726607,3.96941646,4.06468245,1387971,1d
2020-07-14 10:00:00,4.06468245,4.10551073,3.9762214,4.04426831,561836,1d
2020-07-15 10:00:00,4.04426831,4.12819334,3.71991028,3.91724698,1540358,1d
2020-07-16 10:00:00,3.91724698,4.30738391,3.85600456,4.15994845,2334847,1d
2020-07-19 10:00:00,4.15994845,4.41625911,4.00117156,4.18489929,649755,1d
2020-07-20 10:00:00,4.18489929,4.30965215,4.08282835,4.20984945,3266041,1d
2020-07-21 10:00:00,4.20984945,4.20984945,4.06014597,4.09870602,554342,1d
2020-07-22 10:00:00,4.09870602,4.09870602,4.02158593,4.06241421,1184915,1d
2020-07-26 10:00:00,4.06241421,4.06241421,3.81290781,3.87188222,1559492,1d
2020-07-27 10:00:00,3.87188222,4.08282835,3.62918076,3.82878547,2306402,1d
2020-07-28 10:00:00,3.82878547,3.93312465,3.76527504,3.81744451,1213854,1d
2020-07-29 10:00:00,3.81744451,4.06014597,3.81744451,4.03519558,4763896,1d
2020-08-04 10:00:00,4.03519558,4.43667325,4.03519558,4.32099311,5201746,1d
2020-08-05 10:00:00,4.32099311,4.75195878,4.32099311,4.65896103,5730831,1d
2020-08-06 10:00:00,4.65896103,5.12394958,4.40038167,4.72247146,11294679,1d
2020-08-09 10:00:00,4.72247146,4.72247146,4.51833005,4.55915833,3980525,1d
2020-08-10 10:00:00,4.55915833,4.64081467,4.54781691,4.58410872,3182483,1d
2020-08-11 10:00:00,4.58410872,4.79051883,4.57049952,4.64535137,1825822,1d
2020-08-12 10:00:00,4.64535137,4.69525283,4.62720547,4.66803375,1701695,1d
2020-08-13 10:00:00,4.66803375,4.89939403,4.63627865,4.720203,2678920,1d
2020-08-16 10:00:00,4.720203,4.79732332,4.58637696,4.67937471,1199036,1d
2020-08-17 10:00:00,4.67937471,5.14663219,4.67257023,4.99012354,11771498,1d
2020-08-18 10:00:00,4.99012354,5.48913613,4.99012354,5.38479695,6129057,1d
2020-08-19 10:00:00,5.38479695,5.89288226,5.35304162,5.56625622,5739887,1d
2020-08-23 10:00:00,5.56625622,5.92010111,5.40294286,5.64791256,4029281,1d
2020-08-24 10:00:00,5.64791256,5.92236958,5.64791256,5.84978596,6560744,1d
2020-08-25 10:00:00,5.84978596,5.89741873,5.65018079,5.70915498,5043081,1d
2020-08-26 10:00:00,5.70915498,5.82937182,5.42108876,5.55264656,2107080,1d
2020-08-27 10:00:00,5.55264656,5.61388899,5.39840615,5.50274533,1886808,1d
2020-08-30 10:00:00,5.50274533,5.77266587,5.50047709,5.67513141,2127461,1d
2020-08-31 10:00:00,5.67513141,5.72276441,5.57986542,5.64564409,2131954,1d
2020-09-01 10:00:00,5.64564409,5.71142322,5.58213388,5.65018079,1496602,1d
2020-09-02 10:00:00,5.65018079,6.29436038,5.65018079,6.09021896,8713146,1d
2020-09-03 10:00:00,6.09021896,6.4690147,6.09021896,6.35787127,4172265,1d
2020-09-06 10:00:00,6.35787127,6.46447823,6.05619562,6.30116532,4340668,1d
2020-09-07 10:00:00,6.30116532,6.63459608,6.14919338,6.48716061,11629749,1d
2020-09-08 10:00:00,6.48716061,6.48716061,6.05619562,6.21950853,8318121,1d
2020-09-09 10:00:00,6.21950853,6.21950853,5.8951505,5.96092962,6340053,1d
2020-09-10 10:00:00,5.96092962,6.44179585,5.96092962,6.30796958,5613105,1d
2020-09-13 10:00:00,6.27394624,6.55520775,6.27394624,6.42591818,2796955,1d
2020-09-14 10:00:00,6.42591818,6.42591818,6.14692491,6.2671413,1327722,1d
2020-09-15 10:00:00,6.2671413,6.34879809,6.16960752,6.23084949,728909,1d
2020-09-16 10:00:00,6.23084949,6.271678,6.12651077,6.16053434,1423607,1d
2020-09-17 10:00:00,6.16053434,6.31704276,6.12424253,6.21043535,1863243,1d
2020-09-20 10:00:00,6.21043535,6.23765443,6.11970606,6.21270359,403974,1d
2020-09-21 10:00:00,6.21270359,6.46447823,6.13331571,6.29889686,6057287,1d
2020-09-22 10:00:00,6.29889686,6.32838395,6.07887755,6.15599764,3528549,1d
2020-09-23 10:00:00,6.15599764,6.23765443,6.08568249,6.13104747,1151634,1d
2020-09-24 10:00:00,6.13104747,6.19228944,6.01083063,6.06073164,1735695,1d
2020-09-27 10:00:00,6.06073164,6.10156015,6.01083063,6.04258574,601259,1d
2020-09-28 10:00:00,6.04258574,6.05619562,5.90649191,5.97453883,1219872,1d
2020-09-29 10:00:00,5.97453883,5.97453883,5.85205375,5.89288226,951743,1d
2020-09-30 10:00:00,5.89288226,5.95185645,5.78400684,5.88834556,2199927,1d
2020-10-01 10:00:00,5.88834556,6.18094848,5.82937182,5.98134377,2509613,1d
2020-10-04 10:00:00,5.98134377,6.07434152,5.98134377,6.04258574,1058574,1d
2020-10-05 10:00:00,6.04258574,6.7139844,6.04258574,6.38282143,10290079,1d
2020-10-06 10:00:00,6.38282143,6.69130203,6.38282143,6.58015836,2573949,1d
2020-10-07 10:00:00,6.58015836,6.58015836,6.30570134,6.4032358,3521407,1d
2020-10-11 10:00:00,6.4032358,6.50757498,6.31023805,6.38282143,522361,1d
2020-10-12 10:00:00,6.38282143,6.46447823,6.31023805,6.38962637,1119719,1d
2020-10-13 10:00:00,6.38962637,6.38962637,6.30570134,6.33065219,698903,1d
2020-10-14 10:00:00,6.33065219,6.57335365,6.28301942,6.45540505,1496787,1d
2020-10-15 10:00:00,6.45540505,6.56654916,6.37374871,6.52798912,1469510,1d
2020-10-18 10:00:00,6.52798912,6.55067104,6.43499136,6.45086903,262141,1d
2020-10-19 10:00:00,6.45086903,6.52118418,6.33292043,6.37148047,611245,1d
2020-10-20 10:00:00,6.37148047,6.38282143,6.21950853,6.29209214,375763,1d
2020-10-21 10:00:00,6.29209214,6.44179585,6.25580033,6.33292043,2235867,1d
2020-10-22 10:00:00,6.33292043,6.34652985,6.09475566,6.20589933,2403438,1d
2020-10-25 10:00:00,6.20589933,6.23765443,6.03351301,6.12424253,358070,1d
2020-10-26 10:00:00,6.12424253,6.57335365,6.12424253,6.43272312,2043846,1d
2020-10-27 10:00:00,6.43272312,7.01112358,6.37374871,6.85007891,5075269,1d
2020-10-28 10:00:00,6.85007891,7.53508678,6.85007891,7.40352852,5301410,1d
2020-11-01 10:00:00,7.40352852,7.66664413,7.04514692,7.34455479,3316799,1d
2020-11-02 10:00:00,7.34455479,7.59406074,7.06329283,7.35362706,1545644,1d
2020-11-03 10:00:00,7.35362706,7.4126017,7.19031461,7.31506747,507658,1d
2020-11-04 10:00:00,7.31506747,8.10441428,7.31506747,7.85717612,11376773,1d
2020-11-05 10:00:00,7.85717612,7.93202842,7.50786724,7.67571731,4048622,1d
2020-11-08 10:00:00,7.67571731,7.80273909,7.54189127,7.6439622,709947,1d
2020-11-09 10:00:00,7.6439622,7.91615098,7.6439622,7.70974133,2383502,1d
2020-11-10 10:00:00,7.70974133,7.82542101,7.16082729,7.33774939,9578377,1d
2020-11-11 10:00:00,7.33774939,7.35816376,7.03153772,7.22660641,2792427,1d
2020-11-12 10:00:00,7.22660641,7.48518532,7.22660641,7.38538307,1789036,1d
2020-11-15 10:00:00,7.38538307,7.4171384,7.25836152,7.32640843,1400188,1d
2020-11-16 10:00:00,7.32640843,7.40579744,7.25609328,7.30599429,1082505,1d
2020-11-17 10:00:00,7.30599429,7.40352852,7.1721687,7.25609328,5697272,1d
2020-11-18 10:00:00,7.25609328,7.46250339,7.15629058,7.25609328,15377698,1d
2020-11-19 10:00:00,7.25609328,7.25609328,6.91812582,7.0360742,2692495,1d
2020-11-22 10:00:00,7.0360742,7.09958463,6.95214939,7.02700125,2048131,1d
2020-11-23 10:00:00,7.02700125,7.09958463,6.94761269,6.98390495,3295822,1d
2020-11-24 10:00:00,6.98390495,7.09958463,6.93173502,7.02246454,6109098,1d
2020-11-25 10:00:00,7.02246454,7.06556129,6.81605489,7.02019676,11942274,1d
2020-11-26 10:00:00,7.02019676,7.02019676,6.72532559,6.81605489,2660527,1d
2020-11-29 10:00:00,6.81605489,6.98617273,6.57562189,6.79790898,3787596,1d
2020-11-30 10:00:00,6.79790898,6.91812582,6.79790898,6.89090674,1728606,1d
2020-12-01 10:00:00,6.89090674,7.14041314,6.85007891,7.02473278,1330296,1d
2020-12-02 10:00:00,7.02473278,7.25836152,7.02473278,7.1540228,2454239,1d
2020-12-03 10:00:00,7.1540228,7.6439622,7.1540228,7.45343021,5144433,1d
2020-12-06 10:00:00,7.45343021,7.49652628,7.34909149,7.41033301,1249000,1d
2020-12-07 10:00:00,7.41033301,7.48518532,7.25836152,7.3808466,2160408,1d
2020-12-08 10:00:00,7.3808466,7.45116129,7.19031461,7.31506747,1255128,1d
2020-12-09 10:00:00,7.31506747,7.39899205,7.3037265,7.36723694,1231321,1d
2020-12-10 10:00:00,7.36723694,7.42847937,7.31506747,7.37630989,2046562,1d
2020-12-13 10:00:00,7.37630989,7.43755255,7.23567914,7.38311438,555034,1d
2020-12-14 10:00:00,7.38311438,7.38311438,7.32640843,7.3422861,383218,1d
2020-12-15 10:00:00,7.3422861,7.44889351,7.32187196,7.39445534,1479677,1d
2020-12-16 10:00:00,7.39445534,7.4171384,7.34909149,7.38538307,3669209,1d
2020-12-17 10:00:00,7.38538307,7.67798509,7.38538307,7.56003762,3055477,1d
2020-12-20 10:00:00,7.56003762,7.89120014,7.48972179,7.75056871,2571330,1d
2020-12-21 10:00:00,7.75056871,7.75056871,7.25836152,7.42394289,2094312,1d
2020-12-22 10:00:00,7.42394289,7.71200911,7.25836152,7.52828161,842380,1d
2020-12-23 10:00:00,7.52828161,7.82088454,7.48972179,7.62808454,570998,1d
2020-12-24 10:00:00,7.62808454,7.68479048,7.57591529,7.60767039,554381,1d
2020-12-27 10:00:00,7.60767039,7.60767039,7.42847937,7.45796669,1206240,1d
2020-12-28 10:00:00,7.45796669,7.65530316,7.40579744,7.47611214,1280637,1d
2020-12-29 10:00:00,7.47611214,7.59179273,7.40579744,7.48518532,464920,1d
2020-12-30 10:00:00,7.48518532,7.58498756,7.46250339,7.51240394,1116311,1d
2020-12-31 10:00:00,7.51240394,7.68705827,7.50786724,7.60313369,2170204,1d
2021-01-03 10:00:00,7.60313369,8.05224481,7.60313369,7.92068655,1502747,1d
2021-01-04 10:00:00,7.92068655,8.71230206,7.92068655,8.55806188,5459369,1d
2021-01-05 10:00:00,8.55806188,9.16368187,8.55806188,8.91190723,4076851,1d
2021-01-06 10:00:00,8.91190723,8.91190723,8.39248051,8.52630655,1463104,1d
2021-01-10 10:00:00,8.52630655,8.77808119,8.50816019,8.72364302,662280,1d
2021-01-11 10:00:00,8.72364302,8.76674023,8.64198623,8.67827804,636943,1d
2021-01-12 10:00:00,8.67827804,8.75539813,8.52857433,8.61249982,559579,1d
2021-01-13 10:00:00,8.61249982,8.61249982,8.27906861,8.38340733,1178809,1d
2021-01-14 10:00:00,8.38340733,8.57167153,8.32443359,8.39701698,1248347,1d
2021-01-17 10:00:00,8.39701698,8.49455144,8.27906861,8.37660284,735831,1d
2021-01-18 10:00:00,8.37660284,8.42650453,8.27906861,8.36526188,618202,1d
2021-01-19 10:00:00,8.36526188,8.90056627,8.31536041,8.7327162,3959721,1d
2021-01-20 10:00:00,8.7327162,9.01170947,8.7327162,8.91871172,1397031,1d
2021-01-21 10:00:00,8.91871172,9.52659949,8.91871172,9.2226556,4005364,1d
2021-01-24 10:00:00,9.2226556,9.50391757,8.98675863,9.17048613,1899589,1d
2021-01-25 10:00:00,9.17048613,9.42679725,9.01851373,9.28843473,2710526,1d
2021-01-26 10:00:00,9.28843473,9.50164865,9.28843473,9.32245762,399195,1d
2021-01-27 10:00:00,9.32245762,9.49938086,9.27709377,9.40865112,2672475,1d
2021-01-31 10:00:00,9.40865112,10.48379615,9.40865112,10.0165389,3489814,1d
2021-02-01 10:00:00,10.0165389,11.00095418,10.0165389,10.45204104,5862153,1d
2021-02-02 10:00:00,10.45204104,10.59267157,9.93261432,10.12995079,1853919,1d
2021-02-03 10:00:00,10.12995079,10.20707089,9.98024709,10.10499995,1388452,1d
2021-02-04 10:00:00,10.10499995,10.66071848,10.03922082,10.3499701,8042030,1d
2021-02-07 10:00:00,10.3499701,10.88754228,10.3499701,10.63576764,2615625,1d
2021-02-08 10:00:00,10.63576764,11.00095418,10.63576764,10.87166461,5292561,1d
2021-02-09 10:00:00,10.87166461,10.94424823,10.66071848,10.80134901,2255944,1d
2021-02-10 10:00:00,10.80134901,11.49996676,10.80134901,11.25726529,11578291,1d
2021-02-11 10:00:00,11.25726529,11.45233399,11.11436608,11.20509605,1477737,1d
2021-02-14 10:00:00,11.20509605,11.7834965,11.20509605,11.4818204,4132101,1d
2021-02-15 10:00:00,11.4818204,12.01939348,11.34345766,11.75174117,6940365,1d
2021-02-16 10:00:00,11.75174117,11.75174117,10.88754228,11.30489807,3838644,1d
2021-02-17 10:00:00,11.30489807,11.43191985,11.06900109,11.14612118,754241,1d
2021-02-18 10:00:00,11.14612118,11.40923679,11.11436608,11.23685115,920106,1d
2021-02-21 10:00:00,11.23685115,11.52264868,11.15973106,11.27314296,1034503,1d
2021-02-22 10:00:00,11.27314296,11.7834965,11.27314296,11.54986731,1639673,1d
2021-02-23 10:00:00,11.54986731,11.56801367,10.88754228,11.12117056,3002176,1d
2021-02-24 10:00:00,11.12117056,11.12117056,10.01200219,10.6902058,6858394,1d
2021-02-25 10:00:00,10.6902058,11.20509605,10.6902058,10.93744374,2055282,1d
2021-02-28 10:00:00,10.93744374,11.00095418,10.55411107,10.76732589,835728,1d
2021-03-01 10:00:00,10.76732589,10.76732589,10.34316471,10.53142892,2048585,1d
2021-03-02 10:00:00,10.53142892,10.66071848,10.20933867,10.40213958,1821797,1d
2021-03-03 10:00:00,10.40213958,10.54730658,10.20707089,10.40213958,2742454,1d
2021-03-04 10:00:00,10.40213958,10.79681231,10.32048278,10.48606416,2169375,1d
2021-03-07 10:00:00,10.48606416,11.20282713,10.43616247,10.97827225,1501271,1d
2021-03-08 10:00:00,10.97827225,11.20282713,10.54730658,10.80134901,2377673,1d
2021-03-09 10:00:00,10.80134901,10.88981006,10.29780086,10.58133061,2753820,1d
2021-03-10 10:00:00,10.58133061,10.58133061,10.20707089,10.318215,1914023,1d
2021-03-11 10:00:00,10.31745891,10.99830647,9.72971871,10.47166885,12634660,1d
2021-03-14 10:00:00,10.47166885,11.34745936,10.47166885,11.18161188,1982437,1d
2021-03-15 10:00:00,11.18161188,11.20197911,10.50658382,10.84700701,1468835,1d
2021-03-16 10:00:00,10.84700701,10.90810959,10.62005812,10.74808045,1580675,1d
2021-03-17 10:00:00,10.74808045,10.75971916,10.19816511,10.42511517,1621529,1d
2021-03-18 10:00:00,10.42511517,10.42511517,10.06723259,10.17488885,5598058,1d
2021-03-21 10:00:00,10.17488885,10.41638548,9.60169638,9.85483172,1899697,1d
2021-03-22 10:00:00,9.85483172,9.87810914,9.06341946,9.41257148,4159839,1d
2021-03-23 10:00:00,9.41257148,10.03813713,8.87429514,9.59587717,4282653,1d
2021-03-24 10:00:00,9.59587717,10.13997272,9.59587717,9.86937946,906401,1d
2021-03-25 10:00:00,9.86937946,10.22726203,9.74717663,10.15161143,3163295,1d
2021-03-28 10:00:00,10.15161143,10.41638548,10.09632952,10.22144253,371119,1d
2021-03-29 10:00:00,10.22144253,10.33200664,10.09632952,10.17197866,845805,1d
2021-03-30 10:00:00,10.17197866,10.18361737,9.74717663,10.07596228,1545453,1d
2021-03-31 10:00:00,10.07596228,10.07596228,9.4853116,9.63370233,988797,1d
2021-04-01 10:00:00,9.63370233,9.79954952,9.50858902,9.67152748,918268,1d
2021-04-04 10:00:00,9.67152748,9.6744365,9.45621613,9.53186528,236279,1d
2021-04-05 10:00:00,9.53186528,9.89265688,9.07214828,9.59587717,1667140,1d
2021-04-06 10:00:00,9.59587717,9.86356141,9.53186528,9.69771393,852002,1d
2021-04-07 10:00:00,9.69771393,9.80827804,9.46494466,9.72389921,761481,1d
2021-04-08 10:00:00,9.72389921,9.94211958,9.66279779,9.87810914,1130579,1d
2021-04-11 10:00:00,9.87810914,10.85573641,9.83446449,10.50949284,4536904,1d
2021-04-12 10:00:00,10.50949284,11.16706414,10.50949284,10.80918302,9295547,1d
2021-04-13 10:00:00,10.80918302,11.12923899,10.54731799,10.89065138,5745453,1d
2021-04-14 10:00:00,10.89065138,11.63841986,10.89065138,11.46384414,6528628,1d
2021-04-15 10:00:00,11.46384414,11.71115998,10.91683782,11.254352,6647259,1d
2021-04-18 10:00:00,11.25445871,12.37503247,11.25445871,11.5197153,1748150,1d
2021-04-19 10:00:00,11.5197153,11.66046369,11.34107311,11.41144676,1699881,1d
2021-04-20 10:00:00,11.41144676,11.63880955,10.29087301,11.18408397,4855916,1d
2021-04-21 10:00:00,11.18408397,11.63880955,11.09746957,11.37355296,3352272,1d
2021-04-22 10:00:00,11.37355296,11.50347456,11.10829637,11.24363137,1695690,1d
2021-04-25 10:00:00,11.24363137,11.34648542,11.04333558,11.14619017,1190416,1d
2021-04-26 10:00:00,11.14619017,11.17325663,10.66439813,10.80514544,1604121,1d
2021-04-27 10:00:00,10.80514544,10.88093358,10.66439813,10.78349239,1878305,1d
2021-04-28 10:00:00,10.78349239,11.09746957,10.66981045,10.87010678,1513959,1d
2021-05-04 10:00:00,10.87010678,11.08664277,10.66439813,10.81597279,1959892,1d
2021-05-05 10:00:00,10.81597279,10.93506812,10.71853105,10.83221298,961865,1d
2021-05-06 10:00:00,10.83221298,11.09746957,10.77266559,11.01085518,2726757,1d
2021-05-09 10:00:00,11.01085518,11.37355296,10.79973313,11.08122883,3842902,1d
2021-05-10 10:00:00,11.08122883,11.55219516,10.84304033,11.30859162,6908115,1d
2021-05-11 10:00:00,11.30859162,12.01774808,11.30859162,11.87158574,4947598,1d
2021-05-17 10:00:00,11.87158574,14.06942606,11.87158574,12.46706026,16457007,1d
2021-05-18 10:00:00,12.46706026,12.74855597,12.12601553,12.41292572,10237254,1d
2021-05-19 10:00:00,12.41292572,12.9921595,12.34255099,12.77021011,10797172,1d
2021-05-20 10:00:00,12.77021011,12.77021011,12.09894854,12.41292572,8184256,1d
2021-05-23 10:00:00,12.41292572,12.47788598,12.18014953,12.32631133,3540883,1d
2021-05-24 10:00:00,12.32631133,12.35879173,12.04481454,12.16932273,7016319,1d
2021-05-25 10:00:00,12.16932273,12.29924379,11.28693857,11.85534555,6414189,1d
2021-05-26 10:00:00,11.85534555,11.90947954,11.42227356,11.58467556,5327561,1d
2021-05-27 10:00:00,11.58467556,12.18014953,11.42227356,11.82286515,69035126,1d
2021-05-30 10:00:00,11.82286515,11.83910589,11.55219516,11.66587601,2141702,1d
2021-05-31 10:00:00,11.66587601,12.10436248,11.66587601,11.8932388,4338452,1d
2021-06-01 10:00:00,11.8932388,11.90947954,11.72542395,11.81745175,1494341,1d
2021-06-02 10:00:00,11.81745175,11.96361354,11.53054102,11.67670335,2573353,1d
2021-06-03 10:00:00,11.67670335,11.80121101,11.25987103,11.44392662,4725366,1d
2021-06-06 10:00:00,11.44392662,11.44392662,10.96213458,11.11371031,891258,1d
2021-06-07 10:00:00,11.11371031,11.11371031,10.63733059,10.75101253,5527626,1d
2021-06-08 10:00:00,10.75101253,10.79973313,10.20967255,10.3233534,3999547,1d
2021-06-09 10:00:00,10.3233534,10.53988885,10.12305815,10.3774874,1677042,1d
2021-06-10 10:00:00,10.3774874,10.5507162,10.28545961,10.39914046,1596318,1d
2021-06-13 10:00:00,10.39914046,10.48575594,9.89028142,10.11764475,861735,1d
2021-06-14 10:00:00,10.11764475,10.5019956,9.81449328,10.26921886,2124589,1d
2021-06-15 10:00:00,10.26921886,10.65357079,10.26921886,10.4749286,1838940,1d
2021-06-16 10:00:00,10.4749286,10.74018519,9.68998563,10.5453028,1365760,1d
2021-06-17 10:00:00,10.5453028,10.74018519,10.19343181,10.40455386,2872954,1d
2021-06-20 10:00:00,10.40455386,10.4153812,10.00937622,10.10681741,947698,1d
2021-06-21 10:00:00,10.10681741,10.52906314,10.10681741,10.3774874,1617022,1d
2021-06-22 10:00:00,10.3774874,10.45327446,10.20425861,10.30711375,901374,1d
2021-06-23 10:00:00,10.30711375,10.3774874,10.17719107,10.25839315,878996,1d
2021-06-24 10:00:00,10.25839315,10.5019956,10.12305815,10.39372814,1784636,1d
2021-06-27 10:00:00,10.39372814,10.4586884,10.22049827,10.31252606,836417,1d
2021-06-28 10:00:00,10.31252606,10.39914046,10.17719107,10.25839315,461510,1d
2021-06-29 10:00:00,10.25839315,10.39914046,9.85238816,10.22049827,2379809,1d
2021-06-30 10:00:00,10.22049827,10.44786106,10.15012461,10.29087301,3769780,1d
2021-07-04 10:00:00,10.29087301,10.3829008,10.19884521,10.27463281,555700,1d
2021-07-05 10:00:00,10.27463281,10.27463281,10.09057667,10.19884521,1298113,1d
2021-07-06 10:00:00,10.19884521,10.19884521,9.75494643,9.91734842,2764344,1d
2021-07-07 10:00:00,9.91734842,9.96065562,9.48427644,9.77118608,5119719,1d
2021-07-08 10:00:00,9.77118608,9.77118608,9.11616525,9.3218739,4853602,1d
2021-07-11 10:00:00,9.3218739,9.41931564,9.21360645,9.29480744,1209857,1d
2021-07-12 10:00:00,9.29480744,9.43014244,9.25691364,9.3651811,990621,1d
2021-07-13 10:00:00,9.3651811,10.30170035,9.3164605,10.06351021,5447099,1d
2021-07-14 10:00:00,10.06351021,10.82138618,10.06351021,10.53447545,5223224,1d
2021-07-15 10:00:00,10.53447545,10.53447545,10.17719107,10.2962864,3566233,1d
2021-07-18 10:00:00,10.2962864,10.35583326,10.01478962,10.10140401,1339690,1d
2021-07-25 10:00:00,10.10140401,10.5019956,10.10140401,10.24756581,467852,1d
2021-07-26 10:00:00,10.24756581,10.36124666,10.15012461,10.26921886,1463185,1d
2021-07-27 10:00:00,10.26921886,10.76725165,10.20967255,10.57778374,10934344,1d
2021-07-28 10:00:00,10.57778374,10.77266559,10.5019956,10.66981045,3243076,1d
2021-07-29 10:00:00,10.66981045,10.66981045,10.2962864,10.3829008,1499277,1d
2021-08-01 10:00:00,10.3829008,10.44244874,10.15012461,10.20967255,1038053,1d
2021-08-02 10:00:00,10.20967255,10.52364974,10.12847047,10.36124666,5491366,1d
2021-08-03 10:00:00,10.36124666,10.38831474,9.74411963,10.05268341,3257274,1d
2021-08-04 10:00:00,10.05268341,10.05268341,9.74411963,9.83073402,3728307,1d
2021-08-05 10:00:00,9.83073402,9.90652108,9.67915829,9.74411963,1210608,1d
2021-08-08 10:00:00,9.74411963,9.87945462,9.66291863,9.72787889,776587,1d
2021-08-09 10:00:00,9.72787889,9.78742682,9.64667843,9.72787889,708017,1d
2021-08-10 10:00:00,9.72787889,9.74411963,9.44638318,9.61419803,1031996,1d
2021-08-11 10:00:00,9.61419803,9.87945462,9.56006403,9.77118608,2274775,1d
2021-08-15 10:00:00,9.77118608,9.96065562,9.74411963,9.84156082,1206003,1d
2021-08-16 10:00:00,9.84156082,10.04185607,9.76577377,9.89569536,10213551,1d
2021-08-17 10:00:00,9.89569536,9.99854888,9.67915829,9.83073402,2973663,1d
2021-08-18 10:00:00,9.83073402,9.86862782,9.41931564,9.52217023,2604470,1d
2021-08-19 10:00:00,9.52217023,9.58171817,8.87797566,9.05120391,7022182,1d
2021-08-22 10:00:00,9.05120391,9.08909879,8.53151807,8.74805406,4465557,1d
2021-08-23 10:00:00,8.74805406,8.93210966,8.58565207,8.8184288,4116438,1d
2021-08-24 10:00:00,8.8184288,8.93210966,8.76429481,8.84549526,3044075,1d
2021-08-25 10:00:00,8.84549526,9.14323171,8.82925452,8.95917611,4672673,1d
2021-08-26 10:00:00,8.95917611,9.04037819,8.57482527,8.75888086,4357032,1d
2021-08-29 10:00:00,8.75888086,8.75888086,8.53693147,8.59647887,3954036,1d
2021-08-30 10:00:00,8.59647887,8.70474687,8.22836768,8.36370268,5870770,1d
2021-08-31 10:00:00,8.36370268,9.05120391,8.36370268,8.8184288,12143808,1d
2021-09-01 10:00:00,8.8184288,9.25691364,8.8184288,9.11616525,6715415,1d
2021-09-02 10:00:00,9.11616525,9.14864565,8.71016027,8.91045552,6304688,1d
2021-09-05 10:00:00,8.91045552,9.00789671,8.60730567,8.66143967,2768631,1d
2021-09-06 10:00:00,8.66143967,9.04037819,8.64519947,9.04037819,4442773,1d
2021-09-07 10:00:00,9.04037819,9.20277965,8.87797566,8.97541686,3395758,1d
2021-09-08 10:00:00,8.97541686,9.14864565,8.82925452,9.14864565,2815014,1d
2021-09-09 10:00:00,9.14864565,9.14864565,8.95917611,9.00789671,1382037,1d
2021-09-12 10:00:00,9.00789671,9.09451111,8.93210966,8.97541686,440536,1d
2021-09-13 10:00:00,8.97541686,9.19195285,8.93210966,9.14864565,6022298,1d
2021-09-14 10:00:00,9.14864565,9.33811464,9.14864565,9.20277965,11027574,1d
2021-09-15 10:00:00,9.20277965,9.2298461,8.93210966,9.20277965,3176486,1d
2021-09-16 10:00:00,9.20277965,9.22443379,8.93752306,8.93752306,42939704,1d
2021-09-19 10:00:00,8.93752306,9.03496479,8.12551309,8.28791508,6452107,1d
2021-09-20 10:00:00,8.28791508,8.44490368,7.8602565,8.03348529,4318363,1d
2021-09-21 10:00:00,8.03348529,8.12009969,7.7411617,8.03889869,2765786,1d
2021-09-22 10:00:00,8.03889869,8.28250168,7.9035637,7.99559149,1205227,1d
2021-09-23 10:00:00,7.99559149,8.11468629,7.9306307,8.04431209,1572172,1d
2021-09-26 10:00:00,8.04431209,8.17423369,8.01183169,8.07137909,688853,1d
2021-09-27 10:00:00,8.07137909,8.10385949,7.53003911,7.68161431,3923403,1d
2021-09-28 10:00:00,7.68161431,7.7736421,7.26478252,7.44342471,2834907,1d
2021-09-29 10:00:00,7.44342471,7.62748031,7.30808972,7.62748031,2540039,1d
2021-09-30 10:00:00,7.62748031,7.6924411,7.51921231,7.6924411,2276015,1d
2021-10-03 10:00:00,7.6924411,7.7844689,7.47590511,7.51921231,577465,1d
2021-10-04 10:00:00,7.51921231,7.7357483,7.44342471,7.7140947,2024001,1d
2021-10-05 10:00:00,7.7140947,8.06596569,7.47049171,8.01183169,3302414,1d
2021-10-06 10:00:00,8.01183169,8.29874188,8.00641829,8.08761929,3864697,1d
2021-10-10 10:00:00,8.08761929,8.17423369,8.01183169,8.17423369,3053271,1d
2021-10-11 10:00:00,8.17423369,8.54775827,8.17423369,8.29874188,4539356,1d
2021-10-12 10:00:00,8.29874188,8.43407688,8.25543468,8.34204908,1405776,1d
2021-10-13 10:00:00,8.34204908,8.92128286,8.30956868,8.87797566,10207980,1d
2021-10-14 10:00:00,8.87797566,9.09451111,8.66143967,8.87256172,2197872,1d
2021-10-17 10:00:00,8.87256172,9.08909879,8.66685307,9.02955085,4349196,1d
2021-10-18 10:00:00,9.02955085,9.17571319,8.98624366,9.04037819,11752346,1d
2021-10-19 10:00:00,9.04037819,9.14864565,8.80218806,8.92669626,3803519,1d
2021-10-20 10:00:00,8.92669626,9.11616525,8.63978607,8.66143967,3134276,1d
2021-10-24 10:00:00,8.66143967,8.79677466,8.07137909,8.12009969,4772717,1d
2021-10-25 10:00:00,8.12009969,8.22836768,7.51379891,7.58958651,4194903,1d
2021-10-26 10:00:00,7.58958651,8.28250168,7.58958651,8.10385949,3396730,1d
2021-10-27 10:00:00,8.10385949,8.28250168,7.95769769,8.28250168,2043580,1d
2021-10-28 10:00:00,8.28250168,8.28250168,8.09303269,8.14175329,1389991,1d
2021-10-31 10:00:00,8.14175329,8.14175329,7.8007091,7.8494297,2322361,1d
2021-11-01 10:00:00,7.8494297,8.01183169,7.8494297,7.98476469,885055,1d
2021-11-02 10:00:00,7.98476469,7.98476469,7.7249215,7.8440163,2522065,1d
2021-11-03 10:00:00,7.8440163,7.9360441,7.47049171,7.8764967,1286557,1d
2021-11-04 10:00:00,7.8764967,8.06596569,7.66537411,8.03889869,1773138,1d
2021-11-07 10:00:00,8.03889869,8.03889869,7.7249215,7.7465751,1436385,1d
2021-11-08 10:00:00,7.7465751,7.9035637,7.68702771,7.7195081,2347323,1d
2021-11-09 10:00:00,7.7195081,7.8494297,7.68702771,7.68702771,1383285,1d
2021-11-10 10:00:00,7.68702771,7.6924411,7.47049171,7.57875971,2931619,1d
2021-11-11 10:00:00,7.57875971,7.7411617,7.57875971,7.7086813,696933,1d
2021-11-14 10:00:00,7.7086813,7.8440163,7.52462571,7.7032679,733167,1d
2021-11-15 10:00:00,7.7032679,7.7411617,7.17816812,7.25395572,5566725,1d
2021-11-16 10:00:00,7.25395572,7.35139692,6.71802914,6.82088374,8465351,1d
2021-11-17 10:00:00,6.82088374,7.27560932,6.76674974,6.98328573,5460459,1d
2021-11-18 10:00:00,6.98328573,7.11862073,6.76674974,6.90208474,4380409,1d
2021-11-21 10:00:00,6.90208474,6.92915173,6.76674974,6.83712394,825863,1d
2021-11-22 10:00:00,6.83712394,6.83712394,6.68554874,6.72344254,6327402,1d
2021-11-23 10:00:00,6.72344254,6.82088374,6.51231995,6.71261574,5997345,1d
2021-11-24 10:00:00,6.71261574,6.77216314,6.53397355,6.54480035,3752342,1d
2021-11-25 10:00:00,6.54480035,6.87501774,6.52856015,6.65848174,6440614,1d
2021-11-28 10:00:00,6.65848174,6.65848174,6.25247676,6.45277255,1756659,1d
2021-11-29 10:00:00,6.45277255,6.63141475,6.45277255,6.55021375,5543743,1d
2021-11-30 10:00:00,6.55021375,7.06448673,6.55021375,7.03200633,19216238,1d
2021-12-01 10:00:00,7.03200633,7.16734133,6.81005694,6.87501774,7310751,1d
2021-12-02 10:00:00,6.87501774,6.88043114,6.59893435,6.65848174,7981950,1d
2021-12-05 10:00:00,6.65848174,6.82088374,6.62058795,6.71261574,4440695,1d
2021-12-06 10:00:00,6.71261574,6.73968274,6.32285096,6.48525295,9810001,1d
2021-12-07 10:00:00,6.48525295,6.56104055,6.29037056,6.36074476,10146457,1d
2021-12-08 10:00:00,6.36074476,6.36074476,5.49460079,5.95473977,21496718,1d
2021-12-09 10:00:00,5.95473977,6.04135417,5.74361718,5.94391297,9346518,1d
2021-12-12 10:00:00,5.94391297,6.34991796,5.88436557,6.21458296,4897486,1d
2021-12-13 10:00:00,6.21458296,6.58269415,6.19292936,6.40405195,12501092,1d
2021-12-14 10:00:00,6.40405195,6.49066635,6.00887377,6.16044896,7951261,1d
2021-12-15 10:00:00,6.16044896,6.20916956,6.02511397,6.14420876,4792891,1d
2021-12-16 10:00:00,6.14420876,6.48525295,6.14420876,6.38781175,6416961,1d
2021-12-19 10:00:00,6.38781175,6.54480035,6.32285096,6.41487875,3619161,1d
2021-12-20 10:00:00,6.41487875,6.42029215,6.26330356,6.38781175,4072102,1d
2021-12-21 10:00:00,6.38781175,6.53938695,6.38781175,6.48525295,5711793,1d
2021-12-22 10:00:00,6.48525295,6.76674974,6.48525295,6.73426934,8578801,1d
2021-12-23 10:00:00,6.73426934,7.03200633,6.73426934,6.92915173,6845843,1d
2021-12-26 10:00:00,6.92915173,7.07531353,6.89667134,6.92915173,5131291,1d
2021-12-27 10:00:00,6.92915173,7.03741973,6.92915173,6.95621873,3643390,1d
2021-12-28 10:00:00,6.95621873,7.14568773,6.95621873,7.09155373,3708782,1d
2021-12-29 10:00:00,7.09155373,7.22688872,7.06448673,7.06448673,8819738,1d
2021-12-30 10:00:00,7.06448673,7.16192793,6.92915173,6.93456513,9672409,1d
2022-01-02 10:00:00,6.93456513,7.09696713,6.77757654,6.85877754,2897271,1d
2022-01-03 10:00:00,6.85877754,6.90208474,6.73968274,6.78298994,2628340,1d
2022-01-04 10:00:00,6.78298994,7.01576613,6.78298994,6.90208474,3925473,1d
2022-01-05 10:00:00,6.90208474,7.10779393,6.90208474,7.01035273,3884475,1d
2022-01-09 10:00:00,7.01035273,7.04824653,6.93997853,6.97245893,892335,1d
2022-01-10 10:00:00,6.97245893,7.19982172,6.96163213,7.04824653,11650707,1d
2022-01-11 10:00:00,7.04824653,7.14568773,7.02117953,7.08614033,12259382,1d
2022-01-12 10:00:00,7.08614033,7.12944753,6.86419094,6.90749813,5758807,1d
2022-01-13 10:00:00,6.90749813,6.97787233,6.78298994,6.92915173,3506186,1d
2022-01-16 10:00:00,6.92915173,6.92915173,6.50690655,6.59893435,5881784,1d
2022-01-17 10:00:00,6.59893435,6.64224155,6.40405195,6.58810755,5317477,1d
2022-01-18 10:00:00,6.58810755,6.62600135,6.42570555,6.46901275,5759718,1d
2022-01-19 10:00:00,6.46901275,6.49607975,6.30119736,6.32285096,10632569,1d
2022-01-20 10:00:00,6.32285096,6.32285096,5.84647178,6.11714177,23367165,1d
2022-01-23 10:00:00,6.11714177,6.11714177,5.96015317,5.99804697,6623107,1d
2022-01-24 10:00:00,5.99804697,6.06300777,5.86271198,5.87895217,6593246,1d
2022-01-25 10:00:00,5.87895217,5.99804697,5.73820378,5.73820378,9186411,1d
2022-01-26 10:00:00,5.73820378,5.79233778,5.51084099,5.55956159,15136751,1d
2022-01-30 10:00:00,5.55956159,5.65158938,5.37009259,5.44588019,2966230,1d
2022-01-31 10:00:00,5.44588019,5.45129359,5.0885958,5.34843899,12896448,1d
2022-02-01 10:00:00,5.34843899,5.51625439,5.3430256,5.37550599,5355776,1d
2022-02-02 10:00:00,5.37550599,5.68406978,5.321372,5.68406978,9879551,1d
2022-02-03 10:00:00,5.68406978,5.80316458,5.60828218,5.62993578,5944857,1d
2022-02-06 10:00:00,5.62993578,5.68406978,5.49460079,5.54332139,3480007,1d
2022-02-07 10:00:00,5.54332139,5.58121519,5.2293442,5.2293442,10855813,1d
2022-02-08 10:00:00,5.2293442,5.321372,5.1156628,5.1156628,8326410,1d
2022-02-09 10:00:00,5.1156628,5.213104,4.89371341,4.91536701,9950480,1d
2022-02-10 10:00:00,4.91536701,5.00198141,4.76379182,4.92619381,12480497,1d
2022-02-13 10:00:00,4.92619381,4.95326081,4.65011042,4.73131142,4815144,1d
2022-02-14 10:00:00,4.73131142,4.86123301,4.58514962,4.86123301,5787656,1d
2022-02-15 10:00:00,4.86123301,5.01822215,4.82333921,4.95867421,10971777,1d
2022-02-16 10:00:00,4.95867421,5.05611541,4.93702061,4.98032781,5528887,1d
2022-02-17 10:00:00,4.98032781,5.01822215,4.90454021,4.98574121,6863086,1d
2022-02-20 10:00:00,4.98574121,4.98574121,4.87205981,4.88288715,7248055,1d
2022-02-21 10:00:00,4.88288715,5.0885958,4.84499281,5.06152881,7463067,1d
2022-02-22 10:00:00,5.06152881,5.06152881,4.94784741,4.99115461,3230286,1d
2022-02-23 10:00:00,4.99115461,5.1373164,4.99115461,5.0831824,5011279,1d
2022-02-24 10:00:00,5.0831824,5.0831824,4.63928362,4.84499281,8918018,1d
2022-02-27 10:00:00,4.84499281,5.02904841,4.84499281,4.96950101,2551546,1d
2022-02-28 10:00:00,4.96950101,5.2347576,4.92619381,5.2347576,11258422,1d
2022-03-01 10:00:00,5.2347576,5.41339979,5.2239308,5.34843899,8772367,1d
2022-03-02 10:00:00,5.34843899,5.39715959,5.1968638,5.2239308,2770109,1d
2022-03-03 10:00:00,5.2239308,5.321372,5.1427298,5.1697968,3078736,1d
2022-03-06 10:00:00,5.1697968,5.213104,5.01280821,5.0831824,3616239,1d
2022-03-07 10:00:00,5.0831824,5.0831824,4.85581961,4.89912681,5062321,1d
2022-03-08 10:00:00,4.89912681,4.95326081,4.80709902,4.81792582,7796804,1d
2022-03-09 10:00:00,4.81792582,4.94784741,4.81792582,4.83957941,6290291,1d
2022-03-10 10:00:00,4.83957941,5.06152881,4.83957941,4.97491441,5277264,1d
2022-03-13 10:00:00,4.97491441,5.02904841,4.85581961,4.87205981,1907078,1d
2022-03-14 10:00:00,4.87205981,4.91536701,4.83416601,4.88288715,1911493,1d
2022-03-15 10:00:00,4.88288715,5.0831824,4.74213822,5.04528861,9385222,1d
2022-03-16 10:00:00,5.04528861,5.35385239,5.04528861,5.3105452,11320349,1d
2022-03-17 10:00:00,5.3105452,5.37009259,5.0885958,5.1427298,11006628,1d
2022-03-20 10:00:00,5.1427298,5.3159586,5.1210762,5.2509978,2183520,1d
2022-03-21 10:00:00,5.2834782,5.41339979,5.06152881,5.15355714,15606798,1d
2022-03-22 10:00:00,5.15355714,5.87353877,5.15355714,5.42963999,61405108,1d
2022-03-23 10:00:00,5.42963999,5.49460079,5.2780648,5.38091939,18877571,1d
2022-03-24 10:00:00,5.38091939,5.49460079,5.35926579,5.35926579,24636467,1d
2022-03-27 10:00:00,5.35926579,5.39715959,5.2347576,5.2780648,7514355,1d
2022-03-28 10:00:00,5.2780648,5.3267854,5.06152881,5.15355714,6523591,1d
2022-03-29 10:00:00,5.15355714,5.46753379,5.0885958,5.42963999,14815933,1d
2022-03-30 10:00:00,5.42963999,5.59204199,5.3051318,5.321372,9005824,1d
2022-03-31 10:00:00,5.321372,5.46212039,5.3051318,5.36467919,5245478,1d
2022-04-03 10:00:00,5.36467919,5.46753379,5.3051318,5.3321988,6195636,1d
2022-04-04 10:00:00,5.3321988,5.35926579,5.1806236,5.213104,6667796,1d
2022-04-05 10:00:00,5.21,5.59,5.1,5.44,4410929,1d
2022-04-06 10:00:00,5.44,5.59,5.33,5.38,2210215,1d
2022-04-07 10:00:00,5.38,5.4,5.0,5.06,10629687,1d
2022-04-10 10:00:00,5.06,5.09,4.4,4.7,8648999,1d
2022-04-11 10:00:00,4.7,4.78,4.55,4.71,5466046,1d
2022-04-12 10:00:00,4.71,5.07,4.6,4.94,8745725,1d
2022-04-13 10:00:00,4.94,5.04,4.71,4.75,3578052,1d
2022-04-14 10:00:00,4.75,4.91,4.6,4.88,4188050,1d
2022-04-17 10:00:00,4.88,5.0,4.74,4.78,4366468,1d
2022-04-18 10:00:00,4.78,4.86,4.73,4.84,2696955,1d
2022-04-19 10:00:00,4.84,4.95,4.82,4.93,2090268,1d
2022-04-20 10:00:00,4.93,5.0,4.83,4.83,2654612,1d
2022-04-21 10:00:00,4.83,4.96,4.83,4.88,16256882,1d
2022-04-26 10:00:00,4.88,4.92,4.5,4.55,12647495,1d
2022-04-27 10:00:00,4.55,4.64,4.45,4.57,6500236,1d
2022-04-28 10:00:00,4.57,4.66,4.56,4.62,10700505,1d
2022-05-08 10:00:00,4.62,4.94,4.55,4.92,13979883,1d
2022-05-09 10:00:00,4.92,4.96,4.78,4.84,8408472,1d
2022-05-10 10:00:00,4.84,4.84,4.68,4.71,3112008,1d
2022-05-11 10:00:00,4.71,4.95,4.71,4.82,6227970,1d
2022-05-12 10:00:00,4.82,4.92,4.74,4.85,7129564,1d
2022-05-15 10:00:00,4.85,4.85,4.67,4.71,2297204,1d
2022-05-16 10:00:00,4.71,4.73,4.62,4.63,1987006,1d
2022-05-17 10:00:00,4.63,4.72,4.52,4.55,5658063,1d
2022-05-18 10:00:00,4.55,4.59,4.44,4.47,4148537,1d
2022-05-19 10:00:00,4.47,4.47,4.3,4.4,7568756,1d
2022-05-22 10:00:00,4.4,4.48,4.33,4.35,1587182,1d
2022-05-23 10:00:00,4.35,4.4,4.18,4.25,5102418,1d
2022-05-24 10:00:00,4.25,4.3,4.1,4.1,6647011,1d
2022-05-25 10:00:00,4.1,4.23,4.0,4.0,12396104,1d
2022-05-26 10:00:00,4.0,4.08,3.91,4.0,4126201,1d
2022-05-29 10:00:00,4.0,4.06,3.94,4.03,1241335,1d
2022-05-30 10:00:00,4.03,4.16,4.0,4.05,2854085,1d
2022-05-31 10:00:00,4.05,4.11,3.98,4.1,34656126,1d
2022-06-01 10:00:00,4.1,4.22,4.05,4.05,4441145,1d
2022-06-02 10:00:00,4.05,4.13,4.02,4.06,1503464,1d
2022-06-05 10:00:00,4.06,4.16,4.05,4.09,1444713,1d
2022-06-06 10:00:00,4.09,4.16,4.05,4.06,2579730,1d
2022-06-07 10:00:00,4.06,4.11,4.06,4.09,2431512,1d
2022-06-08 10:00:00,4.09,4.31,4.09,4.3,12430406,1d
2022-06-09 10:00:00,4.3,4.34,4.21,4.24,1975202,1d
2022-06-12 10:00:00,4.24,4.27,4.15,4.25,1561139,1d
2022-06-13 10:00:00,4.25,4.27,4.2,4.21,3768438,1d
2022-06-14 10:00:00,4.21,4.23,4.13,4.14,6132639,1d
2022-06-15 10:00:00,4.14,4.22,4.14,4.19,2410858,1d
2022-06-16 10:00:00,4.19,4.26,4.15,4.25,46096512,1d
2022-06-19 10:00:00,4.25,4.25,4.14,4.15,570829,1d
2022-06-20 10:00:00,4.15,4.2,4.01,4.03,2503586,1d
2022-06-21 10:00:00,4.03,4.1,4.0,4.01,5295858,1d
2022-06-22 10:00:00,4.01,4.06,3.98,4.0,4123252,1d
2022-06-23 10:00:00,4.0,4.02,3.92,3.93,3357641,1d
2022-06-26 10:00:00,3.93,4.03,3.81,3.84,4056447,1d
2022-06-27 10:00:00,3.84,3.84,3.47,3.47,24829887,1d
2022-06-28 10:00:00,3.47,3.55,3.41,3.5,5947777,1d
2022-06-29 10:00:00,3.5,3.61,3.5,3.55,8199526,1d
2022-07-03 10:00:00,3.55,3.57,3.35,3.39,6672343,1d
2022-07-04 10:00:00,3.39,3.4,3.17,3.2,7185580,1d
2022-07-05 10:00:00,3.2,3.23,2.95,2.95,10357844,1d
2022-07-06 10:00:00,2.95,3.02,2.77,2.86,13984926,1d
2022-07-07 10:00:00,2.86,3.0,2.86,2.9,7278343,1d
2022-07-17 10:00:00,2.9,2.92,2.82,2.84,3408262,1d
2022-07-18 10:00:00,2.84,2.93,2.84,2.88,15412616,1d
2022-07-19 10:00:00,2.88,2.91,2.85,2.88,8756246,1d
2022-07-20 10:00:00,2.88,3.09,2.88,3.06,28073650,1d
2022-07-21 10:00:00,3.06,3.18,3.06,3.14,15476857,1d
2022-07-24 10:00:00,3.14,3.28,3.1,3.26,16671115,1d
2022-07-25 10:00:00,3.26,3.31,3.21,3.23,8561932,1d
2022-07-26 10:00:00,3.23,3.37,3.2,3.24,22286052,1d
2022-07-27 10:00:00,3.24,3.27,3.09,3.11,17381275,1d
2022-07-28 10:00:00,3.11,3.15,3.1,3.13,6903579,1d
2022-07-31 10:00:00,3.13,3.22,3.13,3.18,16760476,1d
2022-08-01 10:00:00,3.18,3.24,3.1,3.1,13412234,1d
2022-08-02 10:00:00,3.1,3.15,3.07,3.15,12239388,1d
2022-08-03 10:00:00,3.15,3.29,3.15,3.28,24146285,1d
2022-08-04 10:00:00,3.28,3.93,3.27,3.89,54453518,1d
2022-08-07 10:00:00,3.89,4.18,3.89,4.0,27446244,1d
2022-08-08 10:00:00,4.0,4.02,3.82,3.83,21526284,1d
2022-08-09 10:00:00,3.83,4.04,3.83,3.9,15864610,1d
2022-08-10 10:00:00,3.9,4.01,3.8,3.84,16131875,1d
2022-08-11 10:00:00,3.84,3.97,3.78,3.9,13981691,1d
2022-08-14 10:00:00,3.9,4.06,3.9,3.91,13250757,1d
2022-08-15 10:00:00,3.91,3.95,3.84,3.9,7409882,1d
2022-08-16 10:00:00,3.9,3.94,3.68,3.72,15601661,1d
2022-08-17 10:00:00,3.72,3.88,3.68,3.83,10938951,1d
2022-08-18 10:00:00,3.83,3.9,3.8,3.8,10587239,1d
2022-08-21 10:00:00,3.8,3.99,3.8,3.91,17133984,1d
2022-08-22 10:00:00,3.91,3.97,3.81,3.82,19191147,1d
2022-08-23 10:00:00,3.82,3.86,3.69,3.69,16728408,1d
2022-08-24 10:00:00,3.69,3.76,3.57,3.63,13347553,1d
2022-08-25 10:00:00,3.63,3.83,3.63,3.79,16904353,1d
2022-08-28 10:00:00,3.79,3.82,3.72,3.73,8902125,1d
2022-08-29 10:00:00,3.73,3.78,3.65,3.67,6791362,1d
2022-08-30 10:00:00,3.67,3.79,3.66,3.73,6456569,1d
2022-08-31 10:00:00,3.73,3.81,3.66,3.66,12122115,1d
2022-09-01 10:00:00,3.66,3.7,3.58,3.63,8480966,1d
2022-09-04 10:00:00,3.63,3.7,3.55,3.69,5218183,1d
2022-09-05 10:00:00,3.69,3.81,3.66,3.81,10340518,1d
2022-09-06 10:00:00,3.81,4.1,3.81,4.1,46597513,1d
2022-09-07 10:00:00,4.1,4.16,3.98,4.0,21476909,1d
2022-09-08 10:00:00,4.0,4.15,3.97,4.07,20566413,1d
2022-09-11 10:00:00,4.07,4.14,4.03,4.04,6369405,1d
2022-09-12 10:00:00,4.04,4.26,4.04,4.18,29828547,1d
2022-09-13 10:00:00,4.18,4.29,4.18,4.24,25167744,1d
2022-09-14 10:00:00,4.24,4.24,4.01,4.01,19326852,1d
2022-09-15 10:00:00,4.01,4.08,3.94,3.96,21005969,1d
2022-09-18 10:00:00,3.96,3.99,3.49,3.6,19148621,1d
2022-09-19 10:00:00,3.6,3.76,3.51,3.7,7849422,1d
2022-09-20 10:00:00,3.7,3.93,3.65,3.93,15347742,1d
2022-09-21 10:00:00,3.93,3.94,3.69,3.69,18917408,1d
2022-09-22 10:00:00,3.69,3.78,3.66,3.7,4689310,1d
2022-09-25 10:00:00,3.7,3.7,3.6,3.64,5258992,1d
2022-09-26 10:00:00,3.64,3.74,3.63,3.65,6637790,1d
2022-09-27 10:00:00,3.65,3.74,3.64,3.65,9483162,1d
2022-09-28 10:00:00,3.65,3.68,3.56,3.57,5348979,1d
2022-09-29 10:00:00,3.57,3.66,3.57,3.6,4090497,1d
2022-10-02 10:00:00,3.6,3.62,3.44,3.49,4494792,1d
2022-10-03 10:00:00,3.49,3.55,3.42,3.5,2341372,1d
2022-10-04 10:00:00,3.5,3.71,3.5,3.67,11208305,1d
2022-10-05 10:00:00,3.67,3.74,3.63,3.64,4187310,1d
2022-10-09 10:00:00,3.64,3.65,3.53,3.55,3273775,1d
2022-10-10 10:00:00,3.55,3.59,3.52,3.54,2379345,1d
2022-10-11 10:00:00,3.54,3.57,3.41,3.44,5841326,1d
2022-10-12 10:00:00,3.44,3.47,3.25,3.29,12156368,1d
2022-10-13 10:00:00,3.29,3.34,3.21,3.29,7912928,1d
2022-10-16 10:00:00,3.29,3.42,3.29,3.4,8765029,1d
2022-10-17 10:00:00,3.4,3.49,3.4,3.44,11741097,1d
2022-10-18 10:00:00,3.44,3.5,3.41,3.43,8139684,1d
2022-10-19 10:00:00,3.43,3.47,3.39,3.41,4602147,1d
2022-10-20 10:00:00,3.41,3.62,3.4,3.6,17591685,1d
2022-10-23 10:00:00,3.6,3.71,3.6,3.66,15103689,1d
2022-10-24 10:00:00,3.66,3.7,3.6,3.62,11918799,1d
2022-10-25 10:00:00,3.62,3.65,3.54,3.6,3899990,1d
2022-10-26 10:00:00,3.6,3.7,3.6,3.67,7540823,1d
2022-10-27 10:00:00,3.67,3.93,3.67,3.81,28371625,1d
2022-10-30 10:00:00,3.81,4.0,3.81,3.85,13772307,1d
2022-10-31 10:00:00,3.85,3.99,3.79,3.96,9547493,1d
2022-11-01 10:00:00,3.93,4.07,3.93,3.98,12693607,1d
2022-11-02 10:00:00,3.98,4.01,3.8,3.8,9475869,1d
2022-11-03 10:00:00,3.8,3.84,3.74,3.75,4951969,1d
2022-11-06 10:00:00,3.78999996,3.79999995,3.66000009,3.69000006,3374252,1d
2022-11-07 10:00:00,3.69,3.76,3.69,3.71,4096463,1d
2022-11-08 10:00:00,3.71,3.79,3.62,3.63,5422771,1d
2022-11-09 10:00:00,3.63,3.68,3.58,3.61,5271370,1d
2022-11-10 10:00:00,3.61,3.83,3.61,3.77,11744899,1d
2022-11-13 10:00:00,3.77,4.03,3.77,3.96,26567979,1d
2022-11-14 10:00:00,3.96,4.25,3.96,4.22,38615821,1d
2022-11-15 10:00:00,4.22,4.26,4.07,4.11,18187825,1d
2022-11-16 10:00:00,4.11,4.47,4.11,4.43,27275538,1d
2022-11-17 10:00:00,4.43,4.52,4.37,4.37,9696879,1d
2022-11-20 10:00:00,4.37,4.49,4.34,4.38,7717305,1d
2022-11-21 10:00:00,4.38,4.44,4.24,4.26,11935366,1d
2022-11-22 10:00:00,4.26,4.47,4.24,4.45,8584763,1d
2022-11-23 10:00:00,4.45,4.86,4.45,4.74,25514748,1d
2022-11-24 10:00:00,4.74,4.86,4.72,4.86,11629698,1d
2022-11-27 10:00:00,4.86,4.96,4.82,4.82,7691165,1d
2022-11-28 10:00:00,4.82,4.9,4.7,4.74,5185884,1d
2022-11-29 10:00:00,4.74,4.89,4.72,4.8,7583998,1d
2022-11-30 10:00:00,4.8,4.86,4.68,4.85,7137983,1d
2022-12-01 10:00:00,4.85,4.98,4.79,4.86,14163644,1d
2022-12-04 10:00:00,4.86,5.28,4.86,5.28,25967520,1d
2022-12-05 10:00:00,5.28,5.4,5.14,5.2,22124374,1d
2022-12-06 10:00:00,5.2,5.44,5.05,5.32,30314456,1d
2022-12-07 10:00:00,5.32,5.48,5.22,5.23,29937929,1d
2022-12-08 10:00:00,5.23,5.3,5.1,5.11,29742469,1d
2022-12-11 10:00:00,5.11,5.3,5.07,5.1,18363503,1d
2022-12-12 10:00:00,5.1,5.14,4.83,5.14,30121757,1d
2022-12-13 10:00:00,5.14,5.57,5.14,5.46,53610732,1d
2022-12-14 10:00:00,5.46,5.68,5.35,5.47,42513923,1d
2022-12-15 10:00:00,5.47,5.65,5.36,5.38,27349124,1d
2022-12-18 10:00:00,5.38,5.42,5.18,5.18,19349237,1d
2022-12-19 10:00:00,5.18,5.28,5.1,5.25,21001199,1d
2022-12-20 10:00:00,5.25,5.42,5.18,5.18,15783394,1d
2022-12-21 10:00:00,5.18,5.23,5.09,5.14,14890734,1d
2022-12-22 10:00:00,5.14,5.26,5.05,5.08,13285183,1d
2022-12-25 10:00:00,5.08,5.13,4.91,4.95,11681848,1d
2022-12-26 10:00:00,4.95,5.16,4.95,5.16,11952744,1d
2022-12-27 10:00:00,5.16,5.24,5.11,5.14,17153919,1d
2022-12-28 10:00:00,5.14,5.25,5.12,5.22,15411814,1d
2022-12-29 10:00:00,5.22,5.33,5.22,5.24,16050651,1d
2023-01-02 10:00:00,5.24,5.36,5.22,5.36,13089663,1d
2023-01-03 10:00:00,5.36,5.55,5.36,5.44,31362145,1d
2023-01-04 10:00:00,5.44,5.59,5.16,5.47,34382044,1d
2023-01-05 10:00:00,5.47,5.96,5.47,5.91,65966998,1d
2023-01-09 10:00:00,5.91,6.14,5.88,5.9,38015610,1d
2023-01-10 10:00:00,5.9,5.97,5.67,5.67,35135329,1d
2023-01-11 10:00:00,5.67,6.09,5.64,5.64,41108639,1d
2023-01-12 10:00:00,5.64,5.93,5.57,5.76,23986024,1d
2023-01-15 10:00:00,5.76,5.94,5.76,5.79,13934369,1d
2023-01-16 10:00:00,5.79,6.3,5.79,6.3,41314156,1d
2023-01-17 10:00:00,6.3,6.37,6.25,6.29,26971901,1d
2023-01-18 10:00:00,6.29,6.6,6.21,6.44,41318071,1d
2023-01-19 10:00:00,6.44,6.56,6.35,6.37,16267633,1d
2023-01-22 10:00:00,6.37,6.65,6.37,6.65,18283915,1d
2023-01-23 10:00:00,6.65,6.72,6.55,6.6,22950344,1d
2023-01-24 10:00:00,6.6,6.66,6.48,6.55,16636466,1d
2023-01-25 10:00:00,6.55,6.78,6.55,6.65,14428854,1d
2023-01-29 10:00:00,6.65,6.78,6.65,6.71,9659074,1d
2023-01-30 10:00:00,6.71,6.92,6.43,6.62,22349075,1d
2023-01-31 10:00:00,6.62,6.69,6.26,6.26,14299654,1d
2023-02-01 10:00:00,6.26,6.44,6.22,6.33,8118184,1d
2023-02-02 10:00:00,6.33,6.46,6.1,6.1,9948484,1d
2023-02-05 10:00:00,6.1,6.19,5.75,6.07,13163316,1d
2023-02-06 10:00:00,6.07,6.31,6.07,6.21,11492194,1d
2023-02-07 10:00:00,6.21,6.35,6.21,6.24,12210388,1d
2023-02-08 10:00:00,6.24,6.32,6.14,6.17,11257387,1d
2023-02-09 10:00:00,6.17,6.33,6.17,6.3,12466437,1d
2023-02-12 10:00:00,6.3,6.47,6.22,6.34,10846435,1d
2023-02-13 10:00:00,6.34,6.41,6.17,6.19,10710696,1d
2023-02-14 10:00:00,6.19,6.37,6.19,6.35,12380088,1d
2023-02-15 10:00:00,6.35,6.64,6.35,6.55,26515863,1d
2023-02-16 10:00:00,6.55,6.66,6.45,6.48,16218687,1d
2023-02-19 10:00:00,6.48,6.55,6.28,6.28,8717812,1d
2023-02-20 10:00:00,6.28,6.34,5.95,5.98,10893146,1d
2023-02-21 10:00:00,5.98,6.14,5.9,6.1,10078117,1d
2023-02-22 10:00:00,6.1,6.15,5.8,5.95,15728773,1d
2023-02-23 10:00:00,5.95,5.96,5.72,5.89,18741910,1d
2023-02-26 10:00:00,5.89,5.95,5.84,5.86,8803082,1d
2023-02-27 10:00:00,5.86,6.0,5.83,5.83,10332745,1d
2023-02-28 10:00:00,5.83,5.88,5.62,5.78,22378510,1d
2023-03-01 10:00:00,5.78,5.81,5.64,5.65,9507005,1d
2023-03-02 10:00:00,5.65,5.68,5.42,5.42,15798969,1d
2023-03-05 10:00:00,5.42,5.55,5.36,5.45,10940987,1d
2023-03-06 10:00:00,5.45,5.58,5.45,5.48,7477493,1d
2023-03-07 10:00:00,5.48,5.57,5.36,5.43,8453641,1d
2023-03-08 10:00:00,5.43,5.46,5.24,5.27,13761488,1d
2023-03-09 10:00:00,5.27,5.42,5.22,5.37,18667474,1d
2023-03-12 10:00:00,5.37,5.37,5.01,5.01,15283649,1d
2023-03-13 10:00:00,5.01,5.1,4.69,4.92,15721226,1d
2023-03-14 10:00:00,4.92,5.01,4.77,5.0,6668190,1d
2023-03-15 10:00:00,5.0,5.07,4.3,4.6,14026767,1d
2023-03-16 10:00:00,4.6,4.73,4.33,4.72,8151990,1d
2023-03-19 10:00:00,4.72,4.72,4.4,4.57,4666743,1d
2023-03-20 10:00:00,4.57,4.9,4.53,4.82,14392904,1d
2023-03-21 10:00:00,4.82,5.08,4.82,5.07,13536758,1d
2023-03-22 10:00:00,5.07,5.14,4.91,4.93,8169844,1d
2023-03-23 10:00:00,4.93,5.06,4.86,5.03,2957342,1d
2023-03-26 10:00:00,5.03,5.44,5.03,5.38,15231919,1d
2023-03-27 10:00:00,5.38,5.47,5.24,5.27,12385992,1d
2023-03-28 10:00:00,5.27,5.33,5.15,5.3,9028633,1d
2023-03-29 10:00:00,5.3,5.48,5.29,5.44,11437539,1d
2023-03-30 10:00:00,5.44,5.61,5.28,5.3,13909023,1d
2023-04-02 10:00:00,5.3,5.7,5.3,5.68,20026762,1d
2023-04-03 10:00:00,5.68,5.85,5.66,5.8,22729082,1d
2023-04-04 10:00:00,5.8,5.84,5.64,5.73,14943396,1d
2023-04-05 10:00:00,5.73,5.85,5.67,5.73,17757187,1d
2023-04-06 10:00:00,5.73,5.75,5.57,5.61,9244927,1d
2023-04-09 10:00:00,5.61,5.64,5.47,5.47,7266213,1d
2023-04-10 10:00:00,5.47,5.6,5.46,5.57,9017766,1d
2023-04-11 10:00:00,5.57,5.7,5.57,5.7,9429877,1d
2023-04-12 10:00:00,5.7,5.71,5.51,5.51,11093108,1d
2023-04-13 10:00:00,5.51,5.65,5.51,5.58,8731318,1d
2023-04-18 10:00:00,5.58,5.69,5.58,5.6,12520160,1d
2023-04-19 10:00:00,5.6,5.77,5.6,5.66,21845395,1d
2023-04-26 10:00:00,5.66,5.92,5.61,5.84,27463876,1d
2023-04-27 10:00:00,5.84,6.06,5.84,5.96,47097157,1d
2023-04-30 10:00:00,5.96,6.06,5.77,5.85,36514234,1d
2023-05-01 10:00:00,5.85,5.92,5.7,5.73,17759178,1d
2023-05-02 10:00:00,5.73,5.88,5.7,5.83,15313790,1d
2023-05-03 10:00:00,5.83,5.91,5.75,5.8,13289324,1d
2023-05-07 10:00:00,5.8,5.82,5.7,5.74,8134435,1d
2023-05-08 10:00:00,5.74,5.99,5.74,5.95,16216504,1d
2023-05-09 10:00:00,5.95,6.02,5.8,5.8,27605388,1d
2023-05-10 10:00:00,5.8,5.88,5.72,5.88,14651225,1d
2023-05-11 10:00:00,5.88,5.93,5.74,5.76,12524806,1d
2023-05-14 10:00:00,5.76,5.8,5.72,5.78,10086558,1d
2023-05-15 10:00:00,5.78,5.82,5.53,5.56,15556011,1d
2023-05-16 10:00:00,5.56,5.59,5.44,5.59,15486348,1d
2023-05-17 10:00:00,5.59,5.65,5.45,5.5,8004979,1d
2023-05-18 10:00:00,5.5,5.55,5.33,5.48,12682145,1d
2023-05-21 10:00:00,5.48,5.59,5.48,5.5,4535360,1d
2023-05-22 10:00:00,5.5,5.6,5.38,5.47,9535926,1d
2023-05-23 10:00:00,5.47,5.56,5.4,5.55,5965869,1d
2023-05-24 10:00:00,5.55,5.64,5.55,5.63,6015878,1d
2023-05-25 10:00:00,5.63,5.72,5.62,5.7,10968052,1d
2023-05-28 10:00:00,5.7,5.84,5.66,5.81,10503971,1d
2023-05-29 10:00:00,5.81,5.85,5.72,5.77,5184437,1d
2023-05-30 10:00:00,5.77,5.87,5.77,5.81,32653694,1d
2023-05-31 10:00:00,5.64,5.88,5.64,5.7,18709174,1d
2023-06-01 10:00:00,5.7,5.77,5.69,5.71,7393422,1d
2023-06-04 10:00:00,5.71,5.9,5.71,5.9,20864398,1d
2023-06-05 10:00:00,5.9,6.06,5.81,5.81,54532490,1d
2023-06-06 10:00:00,5.81,5.96,5.81,5.85,19032069,1d
2023-06-07 10:00:00,5.85,5.96,5.77,5.77,14958944,1d
2023-06-08 10:00:00,5.77,5.83,5.75,5.79,7870777,1d
2023-06-11 10:00:00,5.79,6.17,5.79,6.15,62341509,1d
2023-06-12 10:00:00,6.15,6.2,6.07,6.09,20317928,1d
2023-06-13 10:00:00,6.09,6.23,6.05,6.13,41587851,1d
2023-06-14 10:00:00,6.13,6.29,5.95,6.06,35353567,1d
2023-06-15 10:00:00,6.06,6.1,5.87,5.93,20130334,1d
2023-06-18 10:00:00,5.93,6.01,5.93,5.95,9477751,1d
2023-06-19 10:00:00,5.95,6.07,5.83,5.87,14737626,1d
2023-06-20 10:00:00,5.87,5.99,5.82,5.82,9538099,1d
2023-06-21 10:00:00,5.82,5.87,5.66,5.68,12784653,1d
2023-06-22 10:00:00,5.68,5.74,5.57,5.66,13458341,1d
2023-06-25 10:00:00,5.66,5.71,5.44,5.46,10784376,1d
2023-06-26 10:00:00,5.46,5.66,5.46,5.62,10925213,1d
2023-07-04 10:00:00,5.62,5.69,5.49,5.52,7189886,1d
2023-07-05 10:00:00,5.52,5.64,5.52,5.56,7256320,1d
2023-07-06 10:00:00,5.56,5.6,5.51,5.55,8469186,1d
2023-07-09 10:00:00,5.55,5.58,5.3,5.3,7635318,1d
2023-07-10 10:00:00,5.3,5.43,5.29,5.43,5840544,1d
2023-07-11 10:00:00,5.43,5.54,5.38,5.54,10633072,1d
2023-07-12 10:00:00,5.54,5.57,5.44,5.45,5604979,1d
2023-07-13 10:00:00,5.45,5.73,5.45,5.65,12453579,1d
2023-07-16 10:00:00,5.65,5.67,5.57,5.59,4381510,1d
2023-07-17 10:00:00,5.59,5.67,5.57,5.63,10113973,1d
2023-07-18 10:00:00,5.63,5.75,5.63,5.72,8345749,1d
2023-07-19 10:00:00,5.72,5.77,5.68,5.71,7291259,1d
2023-07-24 10:00:00,5.71,5.76,5.65,5.66,6207210,1d
2023-07-25 10:00:00,5.66,5.68,5.52,5.56,10050183,1d
2023-07-26 10:00:00,5.56,5.57,5.48,5.52,6862603,1d
2023-07-27 10:00:00,5.52,5.55,5.49,5.54,3696790,1d
2023-07-30 10:00:00,5.54,5.64,5.52,5.63,7399700,1d
2023-07-31 10:00:00,5.63,5.72,5.59,5.63,12731898,1d
2023-08-01 10:00:00,5.63,5.67,5.5,5.55,6692575,1d
2023-08-02 10:00:00,5.55,5.55,5.42,5.43,6676284,1d
2023-08-03 10:00:00,5.43,5.49,5.39,5.44,6372706,1d
2023-08-06 10:00:00,5.44,5.55,5.41,5.54,7298421,1d
2023-08-07 10:00:00,5.54,5.72,5.54,5.65,18484504,1d
2023-08-08 10:00:00,5.65,5.81,5.65,5.65,26251790,1d
2023-08-09 10:00:00,5.65,5.72,5.59,5.6,15178692,1d
2023-08-10 10:00:00,5.6,5.63,5.5,5.58,9326632,1d
2023-08-13 10:00:00,5.58,5.67,5.58,5.58,4974108,1d
2023-08-14 10:00:00,5.58,5.75,5.58,5.64,14548815,1d
2023-08-15 10:00:00,5.64,5.69,5.61,5.64,3680681,1d
2023-08-16 10:00:00,5.64,5.72,5.58,5.58,6946705,1d
2023-08-17 10:00:00,5.58,5.62,5.53,5.59,3187314,1d
2023-08-20 10:00:00,5.59,5.63,5.56,5.63,3794120,1d
2023-08-21 10:00:00,5.63,5.71,5.63,5.67,12720416,1d
2023-08-22 10:00:00,5.67,5.76,5.67,5.7,7891639,1d
2023-08-23 10:00:00,5.7,5.75,5.61,5.61,6320627,1d
2023-08-24 10:00:00,5.61,5.67,5.59,5.66,2783443,1d
2023-08-27 10:00:00,5.66,5.8,5.66,5.68,12454196,1d
2023-08-28 10:00:00,5.68,5.84,5.68,5.71,14599002,1d
2023-08-29 10:00:00,5.71,5.78,5.7,5.72,6912220,1d
2023-08-30 10:00:00,5.72,5.8,5.69,5.69,10699196,1d
2023-08-31 10:00:00,5.69,5.74,5.63,5.65,7189048,1d
2023-09-03 10:00:00,5.65,5.7,5.55,5.55,9189887,1d
2023-09-04 10:00:00,5.55,5.6,5.53,5.57,2632433,1d
2023-09-05 10:00:00,5.57,5.61,5.51,5.51,6544207,1d
2023-09-06 10:00:00,5.51,5.58,5.46,5.51,13527592,1d
2023-09-07 10:00:00,5.51,5.73,5.47,5.66,17814402,1d
2023-09-10 10:00:00,5.66,5.75,5.66,5.7,10053998,1d
2023-09-11 10:00:00,5.7,5.73,5.57,5.57,10100644,1d
2023-09-12 10:00:00,5.57,5.6,5.52,5.54,4848360,1d
2023-09-13 10:00:00,5.54,5.63,5.51,5.63,6686519,1d
2023-09-14 10:00:00,5.63,5.65,5.55,5.56,4366028,1d
2023-09-17 10:00:00,5.56,5.6,5.55,5.55,2486261,1d
2023-09-18 10:00:00,5.55,5.64,5.55,5.6,7553567,1d
2023-09-19 10:00:00,5.6,5.64,5.53,5.54,4711976,1d
2023-09-20 10:00:00,5.54,5.58,5.3,5.3,11769920,1d
2023-09-21 10:00:00,5.3,5.49,5.28,5.38,10879885,1d
2023-09-24 10:00:00,5.38,5.52,5.37,5.46,5837928,1d
2023-09-25 10:00:00,5.46,5.48,5.34,5.36,8815577,1d
2023-09-26 10:00:00,5.36,5.43,5.34,5.39,10359723,1d
2023-09-27 10:00:00,5.39,5.43,5.12,5.17,14553139,1d
2023-10-01 10:00:00,5.17,5.2,4.8,4.8,17182925,1d
2023-10-02 10:00:00,4.8,4.87,4.58,4.63,16984606,1d
2023-10-03 10:00:00,4.63,4.83,4.63,4.68,17604954,1d
2023-10-04 10:00:00,4.68,4.72,4.57,4.67,8258480,1d
2023-10-08 10:00:00,4.67,4.67,4.15,4.45,17330393,1d
2023-10-09 10:00:00,4.45,4.53,4.38,4.42,4455274,1d
2023-10-10 10:00:00,4.42,4.55,4.41,4.52,9803558,1d
2023-10-11 10:00:00,4.52,4.62,4.49,4.52,7728664,1d
2023-10-12 10:00:00,4.52,4.53,4.39,4.5,13802181,1d
2023-10-15 10:00:00,4.5,4.54,4.44,4.46,7114080,1d
2023-10-16 10:00:00,4.46,4.62,4.42,4.55,15395128,1d
2023-10-17 10:00:00,4.55,5.03,4.55,4.96,31501580,1d
2023-10-18 10:00:00,4.96,5.11,4.95,5.0,17168161,1d
2023-10-19 10:00:00,5.0,5.08,4.95,5.0,7102185,1d
2023-10-22 10:00:00,5.0,5.17,5.0,5.15,7976925,1d
2023-10-23 10:00:00,5.15,5.24,5.14,5.18,10906570,1d
2023-10-24 10:00:00,5.18,5.24,4.94,5.06,13719831,1d
2023-10-25 10:00:00,5.06,5.44,5.06,5.26,18204718,1d
2023-10-26 10:00:00,5.26,5.47,5.26,5.46,15974820,1d
2023-10-29 10:00:00,5.46,5.5,5.39,5.44,6668349,1d
2023-10-30 10:00:00,5.44,5.48,5.35,5.41,6018383,1d
2023-10-31 10:00:00,5.41,5.43,5.16,5.16,6119276,1d
2023-11-01 10:00:00,5.16,5.26,5.11,5.14,2944469,1d
2023-11-02 10:00:00,5.14,5.36,5.14,5.31,3444731,1d
2023-11-05 10:00:00,5.31,5.39,5.28,5.35,4412876,1d
2023-11-06 10:00:00,5.35,5.6,5.35,5.6,23027470,1d
2023-11-07 10:00:00,5.6,5.65,5.53,5.6,10661356,1d
2023-11-08 10:00:00,5.6,5.61,5.42,5.45,8957515,1d
2023-11-09 10:00:00,5.45,5.49,4.99,5.2,27248720,1d
2023-11-12 10:00:00,5.2,5.24,4.85,4.94,32525894,1d
2023-11-13 10:00:00,4.94,5.05,4.85,4.9,18482481,1d
2023-11-14 10:00:00,4.9,4.96,4.76,4.82,17465301,1d
2023-11-15 10:00:00,4.82,5.0,4.82,4.92,14005100,1d
2023-11-16 10:00:00,4.92,5.12,4.92,5.05,13040284,1d
2023-11-19 10:00:00,5.05,5.23,5.05,5.12,19200229,1d
2023-11-20 10:00:00,5.12,5.17,4.99,5.05,12892664,1d
2023-11-21 10:00:00,5.05,5.05,4.92,4.96,22710387,1d
2023-11-22 10:00:00,4.96,5.25,4.96,5.24,24816033,1d
2023-11-23 10:00:00,5.24,5.35,5.21,5.32,22605291,1d
2023-11-26 10:00:00,5.32,5.38,5.15,5.16,16263530,1d
2023-11-27 10:00:00,5.16,5.28,5.16,5.2,11590939,1d
2023-11-28 10:00:00,5.2,5.27,5.19,5.2,16627891,1d
2023-11-29 10:00:00,5.2,5.31,5.19,5.25,14056379,1d
2023-11-30 10:00:00,5.25,5.42,5.25,5.32,15779776,1d
2023-12-03 10:00:00,5.32,5.38,5.28,5.3,8608877,1d
2023-12-04 10:00:00,5.3,5.64,5.3,5.61,42092797,1d
2023-12-05 10:00:00,5.61,5.75,5.6,5.61,14424228,1d
2023-12-06 10:00:00,5.61,5.82,5.53,5.66,18731315,1d
2023-12-07 10:00:00,5.66,5.79,5.45,5.79,19571138,1d
2023-12-10 10:00:00,5.79,6.01,5.79,5.85,45286067,1d
2023-12-11 10:00:00,5.85,6.06,5.77,6.03,38750926,1d
2023-12-12 10:00:00,6.03,6.16,5.94,6.0,34345899,1d
2023-12-13 10:00:00,6.0,6.07,5.9,5.91,12224991,1d
2023-12-14 10:00:00,5.91,6.1,5.91,5.93,13427164,1d
2023-12-17 10:00:00,5.93,6.03,5.89,5.91,7751153,1d
2023-12-18 10:00:00,5.91,6.16,5.91,6.09,18425000,1d
2023-12-19 10:00:00,6.09,6.17,5.9,5.91,10850736,1d
2023-12-20 10:00:00,5.91,5.96,5.82,5.86,4626908,1d
2023-12-21 10:00:00,5.86,5.91,5.67,5.8,9362010,1d
2023-12-24 10:00:00,5.8,5.85,5.5,5.52,6751034,1d
2023-12-25 10:00:00,5.52,5.72,5.52,5.55,8981377,1d
2023-12-26 10:00:00,5.55,5.64,5.38,5.43,8685335,1d
2023-12-27 10:00:00,5.43,5.53,5.41,5.46,5155231,1d
2023-12-28 10:00:00,5.46,5.57,5.44,5.5,7296730,1d
2023-12-31 10:00:00,5.5,5.56,5.5,5.51,2622813,1d
2024-01-02 10:00:00,5.51,5.68,5.51,5.67,3721929,1d
2024-01-03 10:00:00,5.67,5.76,5.67,5.72,5001582,1d
2024-01-04 10:00:00,5.72,5.76,5.59,5.61,9920282,1d
2024-01-08 10:00:00,5.61,5.65,5.54,5.55,6752323,1d
2024-01-09 10:00:00,5.55,5.75,5.55,5.7,12428392,1d
2024-01-10 10:00:00,5.7,5.8,5.64,5.64,7971946,1d
2024-01-11 10:00:00,5.64,5.73,5.64,5.7,8269088,1d
2024-01-14 10:00:00,5.7,5.79,5.68,5.74,7396405,1d
2024-01-15 10:00:00,5.74,5.8,5.73,5.75,7947622,1d
2024-01-16 10:00:00,5.75,5.85,5.73,5.78,16449111,1d
2024-01-17 10:00:00,5.78,5.85,5.57,5.64,16660320,1d
2024-01-18 10:00:00,5.64,5.68,5.58,5.61,7297230,1d
2024-01-21 10:00:00,5.61,5.79,5.6,5.79,16332543,1d
2024-01-22 10:00:00,5.79,5.87,5.7,5.7,27231488,1d
2024-01-23 10:00:00,5.7,5.77,5.51,5.51,19947348,1d
2024-01-24 10:00:00,5.51,5.58,5.39,5.44,20273419,1d
2024-01-28 10:00:00,5.44,5.56,5.43,5.46,12914523,1d
2024-01-29 10:00:00,5.46,5.54,5.39,5.5,12236985,1d
2024-01-30 10:00:00,5.5,5.54,5.43,5.5,9301049,1d
2024-01-31 10:00:00,5.5,5.54,4.7,5.19,17347278,1d
2024-02-01 10:00:00,5.19,5.28,4.85,5.28,8915100,1d
2024-02-04 10:00:00,5.28,5.29,5.08,5.19,3972895,1d
2024-02-05 10:00:00,5.19,5.4,5.17,5.35,5409244,1d
2024-02-06 10:00:00,5.35,5.58,5.33,5.5,15979870,1d
2024-02-07 10:00:00,5.5,5.54,5.4,5.42,8462997,1d
2024-02-08 10:00:00,5.42,5.49,5.39,5.48,2393646,1d
2024-02-11 10:00:00,5.48,5.5,5.36,5.36,4163962,1d
2024-02-12 10:00:00,5.36,5.41,5.21,5.3,4253627,1d
2024-02-13 10:00:00,5.3,5.74,5.28,5.68,25096169,1d
2024-02-14 10:00:00,5.68,5.8,5.59,5.71,16462384,1d
2024-02-15 10:00:00,5.71,5.87,5.66,5.85,19224089,1d
2024-02-18 10:00:00,5.85,6.0,5.8,5.82,29121246,1d
2024-02-19 10:00:00,5.82,5.86,5.67,5.8,14217514,1d
2024-02-20 10:00:00,5.8,5.92,5.8,5.83,11844674,1d
2024-02-21 10:00:00,5.83,5.85,5.67,5.75,10404604,1d
2024-02-22 10:00:00,5.75,5.8,5.69,5.71,6618690,1d
2024-02-25 10:00:00,5.71,5.75,5.42,5.69,11036087,1d
2024-02-26 10:00:00,5.69,6.81,5.6,6.67,88577353,1d
2024-02-27 10:00:00,6.67,7.44,6.67,7.21,59664701,1d
2024-02-28 10:00:00,7.21,7.99,7.07,7.55,41499646,1d
2024-02-29 10:00:00,7.55,7.75,7.18,7.4,24337109,1d
2024-03-03 10:00:00,7.4,7.8,7.35,7.55,20263846,1d
2024-03-04 10:00:00,7.55,7.87,7.53,7.55,19020065,1d
2024-03-05 10:00:00,7.55,7.73,7.11,7.51,18922731,1d
2024-03-06 10:00:00,7.51,7.59,6.8,6.8,13099219,1d
2024-03-07 10:00:00,6.8,7.2,6.45,7.0,19098670,1d
2024-03-10 10:00:00,7.0,8.4,7.0,8.4,65016072,1d
2024-03-11 10:00:00,8.4,9.38,8.33,8.6,42366081,1d
2024-03-12 10:00:00,8.6,8.93,8.16,8.35,26865238,1d
2024-03-13 10:00:00,8.35,8.83,7.76,7.8,36909719,1d
2024-03-14 10:00:00,7.8,8.31,7.62,8.06,23065630,1d
2024-03-17 10:00:00,8.06,9.1,8.06,8.55,35313896,1d
2024-03-18 10:00:00,8.55,8.81,7.92,8.0,22300833,1d
2024-03-19 10:00:00,8.0,8.1,7.54,7.78,13323422,1d
2024-03-20 10:00:00,7.78,8.0,7.6,7.64,8784488,1d
2024-03-21 10:00:00,7.64,8.25,7.17,8.24,34302769,1d
2024-03-24 10:00:00,8.24,9.05,8.17,8.83,50654390,1d
2024-03-25 10:00:00,8.83,9.01,8.45,8.45,22585072,1d
2024-03-26 10:00:00,8.45,8.56,8.26,8.39,15136310,1d
2024-03-27 10:00:00,8.39,8.44,7.95,8.05,8995339,1d
2024-03-28 10:00:00,8.05,8.14,7.53,7.53,14800323,1d
2024-03-31 10:00:00,7.53,7.59,6.93,7.06,13052803,1d
2024-04-01 10:00:00,7.06,7.45,7.06,7.42,9391549,1d
2024-04-02 10:00:00,7.42,7.65,7.23,7.42,13337247,1d
2024-04-03 10:00:00,7.42,7.56,7.29,7.46,8523028,1d
2024-04-04 10:00:00,7.46,7.81,7.46,7.68,10771624,1d
2024-04-07 10:00:00,7.68,7.76,7.35,7.5,11634636,1d
2024-04-08 10:00:00,7.5,7.64,7.42,7.49,12356610,1d
2024-04-15 10:00:00,7.49,7.93,7.45,7.77,19545797,1d
2024-04-16 10:00:00,7.77,7.95,7.69,7.71,10853756,1d
2024-04-17 10:00:00,7.71,7.92,7.71,7.75,10700588,1d
2024-04-18 10:00:00,7.75,7.83,6.8,7.1,16970530,1d
2024-04-21 10:00:00,7.1,7.43,7.1,7.35,5838645,1d
2024-04-22 10:00:00,7.35,7.43,6.97,7.08,8306231,1d
2024-04-23 10:00:00,7.08,7.2,6.45,6.47,14131076,1d
2024-04-24 10:00:00,6.47,6.64,5.93,6.1,19865206,1d
2024-04-28 10:00:00,6.1,6.4,5.93,5.95,15814594,1d
2024-04-29 10:00:00,5.95,6.2,5.86,6.14,19379921,1d
2024-04-30 10:00:00,6.14,6.2,5.51,5.52,45622873,1d
2024-05-01 10:00:00,5.52,5.92,5.4,5.89,15063695,1d
2024-05-02 10:00:00,5.89,6.1,5.83,5.93,27248291,1d
2024-05-07 10:00:00,5.93,6.16,5.8,6.07,16000122,1d
2024-05-08 10:00:00,6.07,6.2,5.95,6.07,19817723,1d
2024-05-09 10:00:00,6.07,6.28,6.01,6.07,26725791,1d
2024-05-12 10:00:00,6.07,6.13,5.71,5.8,12413174,1d
2024-05-13 10:00:00,5.8,5.84,5.55,5.77,4058481,1d
2024-05-14 10:00:00,5.77,6.11,5.77,6.0,14976210,1d
2024-05-15 10:00:00,6.0,6.12,5.97,6.0,7286254,1d
2024-05-16 10:00:00,6.0,6.27,6.0,6.2,33169381,1d
2024-05-19 10:00:00,6.2,6.45,6.2,6.31,42130019,1d
2024-05-20 10:00:00,6.31,6.4,6.17,6.17,19688962,1d
2024-05-21 10:00:00,6.17,6.24,6.07,6.07,10056641,1d
2024-05-22 10:00:00,6.07,6.17,5.97,6.09,14312734,1d
2024-05-23 10:00:00,6.09,6.24,6.07,6.15,29858206,1d
2024-05-26 10:00:00,6.15,6.27,6.15,6.21,15577988,1d
2024-05-27 10:00:00,6.21,6.25,6.02,6.06,16168119,1d
2024-05-28 10:00:00,6.06,6.13,5.96,6.1,11393641,1d
2024-05-29 10:00:00,6.1,6.2,6.02,6.05,8647438,1d
2024-05-30 10:00:00,6.05,6.08,5.77,5.77,10767645,1d
2024-06-02 10:00:00,5.77,5.95,5.77,5.86,8817937,1d
2024-06-03 10:00:00,5.86,5.92,5.76,5.8,8328208,1d
2024-06-04 10:00:00,5.8,6.04,5.8,5.91,17235925,1d
2024-06-05 10:00:00,5.91,5.93,5.6,5.74,13586430,1d
2024-06-06 10:00:00,5.74,5.86,5.74,5.75,3679831,1d
2024-06-09 10:00:00,5.75,5.8,5.51,5.56,7598106,1d
2024-06-10 10:00:00,5.56,5.61,5.52,5.57,2527801,1d
2024-06-11 10:00:00,5.57,5.77,5.57,5.6,9127467,1d
2024-06-12 10:00:00,5.6,5.69,5.57,5.59,4707850,1d
2024-06-13 10:00:00,5.59,5.66,5.59,5.65,6986994,1d
2024-06-23 10:00:00,5.65,5.9,5.65,5.85,14857192,1d
2024-06-24 10:00:00,5.85,5.98,5.84,5.85,16794942,1d
2024-06-25 10:00:00,5.85,5.99,5.81,5.99,20130836,1d
2024-06-26 10:00:00,5.99,6.15,5.99,6.14,54593425,1d
2024-06-27 10:00:00,6.14,6.59,6.14,6.5,47125722,1d
2024-07-01 10:00:00,6.5,6.73,6.48,6.52,31487184,1d
2024-07-02 10:00:00,6.52,6.64,6.47,6.58,39648186,1d
2024-07-03 10:00:00,6.58,6.7,6.48,6.5,27912708,1d
2024-07-04 10:00:00,6.5,6.59,6.45,6.45,14521784,1d
2024-07-07 10:00:00,6.45,6.63,6.45,6.56,21499496,1d
2024-07-08 10:00:00,6.56,6.87,6.56,6.67,38247857,1d
2024-07-09 10:00:00,6.67,6.77,6.6,6.71,19460120,1d
2024-07-10 10:00:00,6.71,6.8,6.65,6.76,11235927,1d
2024-07-14 10:00:00,6.76,6.8,6.44,6.5,16589896,1d
2024-07-15 10:00:00,6.5,6.61,6.46,6.51,9377141,1d
2024-07-16 10:00:00,6.51,6.64,6.5,6.64,22423773,1d
2024-07-17 10:00:00,6.64,6.77,6.61,6.77,20958065,1d
2024-07-18 10:00:00,6.77,7.0,6.77,6.94,28842309,1d
2024-07-21 10:00:00,6.94,7.0,6.82,6.82,8666130,1d
2024-07-22 10:00:00,6.82,6.92,6.73,6.75,11587430,1d
2024-07-23 10:00:00,6.75,6.92,6.65,6.82,17405508,1d
2024-07-24 10:00:00,6.82,6.91,6.72,6.75,8035291,1d
2024-07-28 10:00:00,6.75,6.79,6.68,6.71,2953274,1d
2024-07-29 10:00:00,6.71,6.82,6.69,6.73,3960765,1d
2024-07-30 10:00:00,6.73,6.78,6.66,6.77,3521843,1d
2024-07-31 10:00:00,6.77,7.01,6.74,6.89,22462413,1d
2024-08-01 10:00:00,6.89,7.03,6.71,6.85,13848340,1d
2024-08-04 10:00:00,6.85,6.85,6.54,6.55,7560518,1d
2024-08-05 10:00:00,6.55,6.55,5.95,6.26,14694528,1d
2024-08-06 10:00:00,6.26,6.4,6.2,6.2,5644764,1d
2024-08-07 10:00:00,6.2,6.4,6.2,6.35,13418747,1d
2024-08-08 10:00:00,6.35,6.46,6.25,6.35,8504930,1d
2024-08-11 10:00:00,6.35,6.54,6.35,6.5,8204722,1d
2024-08-12 10:00:00,6.5,6.63,6.49,6.52,5910587,1d
2024-08-13 10:00:00,6.52,6.58,6.4,6.43,4667782,1d
2024-08-14 10:00:00,6.43,6.54,6.43,6.49,3721413,1d
2024-08-15 10:00:00,6.49,6.96,6.49,6.8,24816574,1d
2024-08-18 10:00:00,6.8,6.93,6.71,6.73,3824329,1d
2024-08-19 10:00:00,6.73,6.81,6.68,6.78,1757474,1d
2024-08-20 10:00:00,6.78,7.11,6.78,7.05,24890116,1d
2024-08-21 10:00:00,7.05,7.18,7.0,7.01,12885081,1d
2024-08-22 10:00:00,7.01,7.16,7.01,7.04,13808053,1d
2024-08-25 10:00:00,7.04,7.16,7.02,7.1,3813318,1d
2024-08-26 10:00:00,7.1,7.65,7.1,7.62,48351857,1d
2024-08-27 10:00:00,7.62,8.020001,7.51,7.75,43670528,1d
2024-08-28 10:00:00,7.75,7.91,7.57,7.59,15369999,1d
2024-08-29 10:00:00,7.59,7.8,7.51,7.6,20576727,1d
2024-09-01 10:00:00,7.6,7.75,7.5,7.58,4823574,1d
2024-09-02 10:00:00,7.58,7.67,7.5,7.54,8407405,1d
2024-09-03 10:00:00,7.54,7.85,7.48,7.7,9233759,1d
2024-09-04 10:00:00,7.7,7.73,7.55,7.7,4565117,1d
2024-09-05 10:00:00,7.7,7.79,7.69,7.76,8645704,1d
2024-09-08 10:00:00,7.76,7.87,7.4,7.43,9870073,1d
2024-09-09 10:00:00,7.43,7.49,7.3,7.37,10550517,1d
2024-09-10 10:00:00,7.37,7.46,7.2,7.21,6865039,1d
2024-09-11 10:00:00,7.21,7.71,7.11,7.6,12633581,1d
2024-09-12 10:00:00,7.6,7.9,7.54,7.64,14276602,1d
2024-09-16 10:00:00,7.64,7.9,7.63,7.7,3989655,1d
2024-09-17 10:00:00,7.7,7.95,7.65,7.8,6836297,1d
2024-09-18 10:00:00,7.8,7.95,7.72,7.95,7775584,1d
2024-09-19 10:00:00,7.95,8.41,7.95,8.4,25890169,1d
2024-09-22 10:00:00,8.4,8.5,8.29,8.34,5297048,1d
2024-09-23 10:00:00,8.34,8.77,8.33,8.4,23884938,1d
2024-09-24 10:00:00,8.4,8.53,8.3,8.33,6027911,1d
2024-09-25 10:00:00,8.33,8.68,8.32,8.6,16198438,1d
2024-09-26 10:00:00,8.6,8.7,8.35,8.37,5446952,1d
2024-09-29 10:00:00,8.37,8.5,8.35,8.36,4027363,1d
2024-09-30 10:00:00,8.36,8.5,8.21,8.39,6779734,1d
2024-10-01 10:00:00,8.39,8.54,8.36,8.5,5748037,1d
2024-10-02 10:00:00,8.5,8.6,8.22,8.26,6569017,1d
2024-10-03 10:00:00,8.26,8.5,8.26,8.5,8530662,1d
2024-10-07 10:00:00,8.5,8.91,8.5,8.61,20942621,1d
2024-10-08 10:00:00,8.61,8.81,8.06,8.36,14646490,1d
2024-10-09 10:00:00,8.36,8.59,8.22,8.59,8991299,1d
2024-10-10 10:00:00,8.59,8.73,8.2,8.25,15564859,1d
2024-10-13 10:00:00,8.25,8.33,7.7,7.7,10238580,1d
2024-10-14 10:00:00,7.7,8.01,7.49,7.9,18543865,1d
2024-10-15 10:00:00,7.9,8.15,7.9,8.15,8192665,1d
2024-10-16 10:00:00,8.15,8.4,7.94,8.0,10188231,1d
2024-10-17 10:00:00,8.0,8.18,7.93,8.04,5550937,1d
2024-10-20 10:00:00,8.04,8.1,7.59,7.8,15252754,1d
2024-10-21 10:00:00,7.8,7.97,7.67,7.97,5060939,1d
2024-10-22 10:00:00,7.97,8.11,7.97,8.0,5448367,1d
2024-10-23 10:00:00,8.0,8.11,7.8,7.89,10741533,1d
2024-10-24 10:00:00,7.89,7.95,7.74,7.8,6654700,1d
2024-10-27 10:00:00,7.8,7.93,7.75,7.89,6017665,1d
2024-10-28 10:00:00,7.89,7.94,7.7,7.75,13493478,1d
2024-10-29 10:00:00,7.75,7.83,7.65,7.69,7037602,1d
2024-10-30 10:00:00,7.69,7.79,7.64,7.66,2560702,1d
2024-10-31 10:00:00,7.66,7.95,7.66,7.9,9739195,1d
2024-11-03 10:00:00,7.9,8.1,7.9,8.0,5314510,1d
2024-11-04 10:00:00,8.0,8.17,7.93,7.93,20499549,1d
2024-11-05 10:00:00,7.93,8.02,7.9,7.91,5565686,1d
2024-11-06 10:00:00,7.91,8.22,7.91,8.16,12533914,1d
2024-11-07 10:00:00,8.16,8.26,8.14,8.18,6747056,1d
2024-11-10 10:00:00,8.18,8.36,8.18,8.27,7090476,1d
2024-11-11 10:00:00,8.27,8.46,8.27,8.41,20457062,1d
2024-11-12 10:00:00,8.41,8.5,8.32,8.44,10756305,1d
2024-11-13 10:00:00,8.44,8.5,8.37,8.44,14333475,1d
2024-11-14 10:00:00,8.44,8.5,8.35,8.4,2794689,1d
2024-11-17 10:00:00,8.4,8.56,8.3,8.46,6275799,1d
2024-11-18 10:00:00,8.46,8.53,8.26,8.35,8341936,1d
2024-11-19 10:00:00,8.35,8.51,8.28,8.32,9545475,1d
2024-11-20 10:00:00,8.32,8.4,8.15,8.24,3383588,1d
2024-11-21 10:00:00,8.24,8.42,8.24,8.38,8480879,1d
2024-11-24 10:00:00,8.38,8.42,8.24,8.24,1002387,1d
2024-11-25 10:00:00,8.24,8.3,8.13,8.23,4648360,1d
2024-11-26 10:00:00,8.23,8.28,8.16,8.16,2041325,1d
2024-11-27 10:00:00,8.16,8.2,8.06,8.09,5926832,1d
2024-11-28 10:00:00,8.09,8.39,8.09,8.31,3634287,1d
2024-12-01 10:00:00,8.31,8.51,8.31,8.5,5985557,1d
2024-12-02 10:00:00,8.5,8.66,8.38,8.4,9144138,1d
2024-12-03 10:00:00,8.4,8.57,8.38,8.41,4804378,1d
2024-12-04 10:00:00,8.41,8.87,8.41,8.87,18157967,1d
2024-12-05 10:00:00,8.87,8.87,8.7,8.75,4709199,1d
2024-12-08 10:00:00,8.75,9.0,8.75,8.85,7896790,1d
2024-12-09 10:00:00,8.85,9.0,8.81,8.89,3798391,1d
2024-12-10 10:00:00,8.89,9.06,8.85,8.95,7333613,1d
2024-12-11 10:00:00,8.95,9.06,8.75,8.76,2451820,1d
2024-12-12 10:00:00,8.76,8.97,8.76,8.8,4201441,1d
2024-12-15 10:00:00,8.8,8.9,8.77,8.79,1248602,1d
2024-12-16 10:00:00,8.79,8.95,8.6,8.69,5792651,1d
2024-12-17 10:00:00,8.69,8.87,8.61,8.66,5826694,1d
2024-12-18 10:00:00,8.66,8.78,8.54,8.65,6147922,1d
2024-12-19 10:00:00,8.65,8.65,8.25,8.5,12481148,1d
2024-12-22 10:00:00,8.5,8.6,8.3,8.33,4407373,1d
2024-12-23 10:00:00,8.33,8.39,8.06,8.23,2762862,1d
2024-12-24 10:00:00,8.23,8.27,8.05,8.24,3040998,1d
2024-12-25 10:00:00,8.24,8.41,8.24,8.3,3570772,1d
2024-12-26 10:00:00,8.3,8.41,8.26,8.39,840813,1d
2024-12-29 10:00:00,8.39,8.65,8.37,8.52,4115929,1d
2024-12-30 10:00:00,8.52,8.6,8.41,8.43,2023634,1d
2024-12-31 10:00:00,8.43,8.59,8.4,8.55,1422000,1d
2025-01-02 10:00:00,8.55,8.69,8.55,8.64,1036615,1d
2025-01-05 10:00:00,8.64,8.9,8.64,8.81,3205244,1d
2025-01-06 10:00:00,8.81,9.33,8.81,9.05,17691049,1d
2025-01-08 10:00:00,9.05,9.18,8.83,8.93,6911120,1d
2025-01-09 10:00:00,8.93,9.01,8.76,8.76,2681305,1d
2025-01-12 10:00:00,8.76,8.97,8.6,8.68,3505746,1d
2025-01-13 10:00:00,8.68,8.83,8.35,8.35,2360174,1d
2025-01-14 10:00:00,8.35,8.6,8.02,8.2,9160103,1d
2025-01-15 10:00:00,8.2,8.43,8.12,8.38,12503699,1d
2025-01-16 10:00:00,8.38,8.5,8.3,8.43,5400393,1d
2025-01-19 10:00:00,8.43,8.54,8.34,8.41,3219511,1d
2025-01-20 10:00:00,8.41,8.54,8.33,8.41,3598585,1d
2025-01-21 10:00:00,8.41,8.69,8.4,8.44,6894279,1d
2025-01-22 10:00:00,8.44,8.76,8.44,8.52,10295855,1d
2025-01-23 10:00:00,8.52,8.8,8.52,8.62,8865019,1d
2025-01-26 10:00:00,8.62,8.75,8.5,8.5,3204583,1d
2025-01-27 10:00:00,8.5,8.62,8.4,8.43,3662602,1d
2025-01-28 10:00:00,8.43,8.5,8.29,8.38,3071494,1d
2025-01-29 10:00:00,8.38,8.63,8.36,8.5,4313692,1d
2025-01-30 10:00:00,8.5,8.69,8.5,8.6,4131038,1d
2025-02-02 10:00:00,8.6,8.65,8.46,8.47,2281494,1d
2025-02-03 10:00:00,8.47,8.54,8.33,8.33,4269581,1d
2025-02-04 10:00:00,8.33,8.46,8.33,8.4,4595407,1d
2025-02-05 10:00:00,8.4,8.51,8.31,8.34,8399963,1d
2025-02-06 10:00:00,8.34,8.4,8.26,8.31,4102937,1d
2025-02-09 10:00:00,8.31,8.53,8.3,8.38,2392647,1d
2025-02-10 10:00:00,8.38,8.47,8.35,8.4,1484576,1d
2025-02-11 10:00:00,8.4,8.45,8.11,8.16,4683692,1d
2025-02-12 10:00:00,8.16,8.16,7.92,7.98,7097686,1d
2025-02-13 10:00:00,7.98,8.26,7.88,8.2,11120228,1d
2025-02-16 10:00:00,8.2,8.34,8.2,8.3,4131942,1d
2025-02-17 10:00:00,8.3,8.35,8.06,8.08,5472160,1d
2025-02-18 10:00:00,8.08,8.22,7.92,8.05,6760826,1d
2025-02-19 10:00:00,8.05,8.27,8.02,8.27,10152759,1d
2025-02-20 10:00:00,8.27,8.46,8.24,8.31,9118858,1d
2025-02-23 10:00:00,8.31,8.35,8.17,8.3,3941183,1d
2025-02-24 10:00:00,8.3,8.38,8.11,8.25,1672344,1d
2025-02-25 10:00:00,8.25,8.28,8.13,8.15,4213596,1d
2025-02-26 10:00:00,8.15,8.2,7.96,8.01,18443556,1d
2025-02-27 10:00:00,8.01,8.2,8.0,8.0,6986462,1d
2025-03-02 10:00:00,8.0,8.36,8.0,8.35,7871557,1d
2025-03-03 10:00:00,8.35,8.57,8.35,8.5,19311951,1d
2025-03-04 10:00:00,8.5,8.5,8.25,8.42,12234879,1d
2025-03-05 10:00:00,8.42,8.42,8.18,8.24,12681184,1d
2025-03-06 10:00:00,8.24,8.3,8.16,8.26,7844718,1d
2025-03-09 10:00:00,8.26,8.39,8.26,8.39,2161634,1d
2025-03-10 10:00:00,8.39,8.5,8.35,8.42,4621314,1d
2025-03-11 10:00:00,8.42,8.48,8.35,8.46,3567384,1d
2025-03-12 10:00:00,8.46,8.66,8.46,8.62,12539465,1d
2025-03-13 10:00:00,8.62,8.99,8.62,8.9,14915600,1d
2025-03-16 10:00:00,8.9,9.29,8.85,9.14,10900267,1d
2025-03-17 10:00:00,9.14,9.37,9.0,9.26,6792636,1d
2025-03-18 10:00:00,9.26,9.4,9.25,9.38,3005939,1d
2025-03-19 10:00:00,9.38,9.47,9.09,9.25,3734966,1d
2025-03-20 10:00:00,9.25,9.32,9.09,9.09,18527388,1d
2025-03-23 10:00:00,9.09,9.35,9.09,9.3,1976524,1d
2025-03-24 10:00:00,9.3,9.35,9.16,9.25,1157210,1d
2025-03-25 10:00:00,9.25,9.33,9.2,9.2,1478925,1d
2025-03-26 10:00:00,9.2,9.35,9.17,9.35,1407257,1d
2025-03-27 10:00:00,9.35,9.66,9.35,9.6,4524433,1d
2025-04-03 10:00:00,9.6,9.8,9.55,9.8,3734985,1d
2025-04-06 10:00:00,9.8,9.8,9.01,9.07,7216966,1d
2025-04-07 10:00:00,9.07,9.07,8.65,8.81,10478972,1d
2025-04-08 10:00:00,8.81,9.13,8.81,9.08,5753960,1d
2025-04-09 10:00:00,9.08,9.27,8.85,8.9,5591648,1d
2025-04-10 10:00:00,8.9,9.34,8.9,9.19,7187464,1d
2025-04-13 10:00:00,9.19,9.34,9.19,9.32,1731572,1d
2025-04-14 10:00:00,9.32,9.63,9.32,9.6,5762841,1d
2025-04-15 10:00:00,9.6,9.77,9.47,9.77,3750577,1d
2025-04-16 10:00:00,9.77,9.77,9.64,9.7,3422831,1d
2025-04-17 10:00:00,9.7,9.7,9.43,9.5,1878017,1d
2025-04-22 10:00:00,9.5,9.65,9.43,9.58,2280653,1d
2025-04-23 10:00:00,9.58,10.25,9.58,10.2,9813429,1d
2025-04-27 10:00:00,10.2,10.39,10.1,10.2,4766511,1d
2025-04-28 10:00:00,10.2,10.48,10.06,10.35,4995370,1d
2025-04-29 10:00:00,10.35,10.89,10.35,10.66,12958073,1d
2025-04-30 10:00:00,10.66,10.8,10.5,10.66,5507526,1d
2025-05-04 10:00:00,10.66,10.91,10.61,10.66,1479313,1d
2025-05-05 10:00:00,10.66,10.75,10.47,10.6,1493344,1d
2025-05-06 10:00:00,10.6,10.8,10.5,10.71,5317104,1d
2025-05-07 10:00:00,10.71,11.07,9.82,10.23,7430154,1d
2025-05-08 10:00:00,10.23,10.44,10.07,10.22,3148848,1d
2025-05-11 10:00:00,10.22,10.44,9.8,9.8,4465427,1d
2025-05-12 10:00:00,9.8,10.1,9.8,9.9,3282149,1d
2025-05-13 10:00:00,9.9,10.05,9.68,9.7,6982353,1d
2025-05-14 10:00:00,9.7,10.0,9.7,9.92,2073739,1d
2025-05-15 10:00:00,9.92,10.15,9.92,10.14,5272702,1d
2025-05-18 10:00:00,10.14,10.23,9.9,9.95,2312159,1d
2025-05-19 10:00:00,9.95,10.0,9.9,9.9,6012553,1d
2025-05-20 10:00:00,9.9,10.69,9.9,10.67,19235980,1d
2025-05-21 10:00:00,10.67,11.2,10.51,11.2,10992870,1d
2025-05-22 10:00:00,11.2,11.66,10.92,11.5,5984402,1d
2025-05-25 10:00:00,11.5,11.76,11.37,11.65,9277130,1d
2025-05-26 10:00:00,11.65,11.66,11.0,11.21,5606719,1d
2025-05-27 10:00:00,11.21,11.7,11.12,11.31,6537777,1d
2025-05-28 10:00:00,11.31,11.95,11.31,11.54,16677000,1d
2025-05-29 10:00:00,11.54,11.63,11.2,11.41,7721710,1d
2025-06-01 10:00:00,11.41,11.56,11.26,11.4,5296936,1d
2025-06-02 10:00:00,11.4,11.44,11.08,11.19,10796138,1d
2025-06-03 10:00:00,11.19,11.28,10.85,10.93,10364916,1d
2025-06-04 10:00:00,10.93,11.19,10.9,11.06,3349775,1d
2025-06-10 10:00:00,11.06,11.58,11.03,11.45,7888239,1d
2025-06-11 10:00:00,11.45,11.6,11.16,11.2,2974185,1d
2025-06-12 10:00:00,11.2,11.39,11.0,11.1,7909616,1d
2025-06-15 10:00:00,11.1,11.2,10.02,11.0,12981026,1d
2025-06-16 10:00:00,11.0,11.2,10.7,10.9,5433196,1d
2025-06-17 10:00:00,10.9,10.95,10.55,10.62,8786148,1d
2025-06-18 10:00:00,10.62,11.2,10.25,11.06,6714396,1d
2025-06-19 10:00:00,11.06,11.4,10.7,11.06,30894460,1d
2025-06-22 10:00:00,11.06,11.79,10.93,11.71,9377232,1d
2025-06-23 10:00:00,11.71,12.01,11.36,12.01,13186253,1d
2025-06-24 10:00:00,12.01,12.53,11.9,12.35,16146041,1d
2025-06-25 10:00:00,12.35,12.65,12.15,12.65,6593882,1d
2025-06-29 10:00:00,12.65,12.77,12.21,12.47,6325307,1d
2025-06-30 10:00:00,12.47,12.5,12.05,12.05,13062241,1d
2025-07-01 10:00:00,12.05,12.17,11.87,12.05,4496811,1d
2025-07-02 10:00:00,12.05,12.32,12.05,12.2,3011559,1d
2025-07-06 10:00:00,12.2,12.6,12.2,12.56,8310697,1d
2025-07-07 10:00:00,12.56,12.97,12.4,12.86,10606162,1d
2025-07-09 10:00:00,12.86,13.7,12.55,13.01,8671550,1d
2025-07-10 10:00:00,13.01,13.27,12.86,13.02,6344969,1d
2025-07-13 10:00:00,13.02,13.6,12.96,13.25,7968348,1d
2025-07-14 10:00:00,13.25,13.64,12.93,13.13,10766314,1d
2025-07-15 10:00:00,13.16,13.26,12.65,12.65,7280394,1d
2025-07-16 10:00:00,12.65,12.84,12.21,12.29,6107260,1d
2025-07-17 10:00:00,12.29,13.06,12.29,12.45,7322972,1d
2025-07-20 10:00:00,12.45,12.79,12.45,12.69,4405707,1d
2025-07-21 10:00:00,12.69,13.0,12.53,12.53,4784446,1d
2025-07-22 10:00:00,12.53,12.68,12.41,12.5,2517182,1d
2025-07-23 10:00:00,12.5,12.63,12.3,12.39,3088058,1d
2025-07-27 10:00:00,12.39,13.1,12.39,13.01,8777250,1d
2025-07-28 10:00:00,13.01,13.29,12.7,13.05,5293741,1d
2025-07-29 10:00:00,13.05,13.05,12.73,13.04,3501102,1d
2025-07-30 10:00:00,13.04,13.29,12.3,12.5,7769343,1d
2025-07-31 10:00:00,12.5,12.85,12.5,12.85,1540267,1d
2025-08-03 10:00:00,12.85,12.89,12.7,12.84,579273,1d
2025-08-04 10:00:00,12.84,13.16,12.66,12.66,4354403,1d
2025-08-05 10:00:00,12.66,12.89,12.4,12.85,20132617,1d
2025-08-06 10:00:00,12.85,13.15,12.8,13.1,12330774,1d
2025-08-07 10:00:00,13.1,13.26,12.94,13.02,5824470,1d
2025-08-10 10:00:00,13.02,13.5,13.02,13.34,5450015,1d
2025-08-11 10:00:00,13.34,13.55,13.34,13.38,3832341,1d
2025-08-12 10:00:00,13.38,13.47,13.17,13.4,6706361,1d
2025-08-13 10:00:00,13.4,13.45,13.03,13.13,4382502,1d
2025-08-14 10:00:00,13.13,13.3,12.97,13.2,4667983,1d
2025-08-17 10:00:00,13.2,13.33,13.01,13.29,1564151,1d
2025-08-18 10:00:00,13.29,13.5,13.14,13.49,2539987,1d
2025-08-19 10:00:00,13.49,13.85,13.1,13.78,6536057,1d
2025-08-20 10:00:00,13.78,13.85,13.5,13.66,5924204,1d
2025-08-21 10:00:00,13.66,13.73,13.35,13.59,2309707,1d
2025-08-24 10:00:00,13.59,13.79,13.5,13.72,2106503,1d
2025-08-25 10:00:00,13.72,13.82,13.65,13.72,1046602,1d
2025-08-26 10:00:00,13.72,13.8,13.25,13.4,2644599,1d
2025-08-27 10:00:00,13.4,13.49,13.15,13.49,1292240,1d
2025-08-28 10:00:00,13.49,13.8,13.32,13.8,2073736,1d
2025-08-31 10:00:00,13.8,13.85,13.3,13.32,3132249,1d
2025-09-01 10:00:00,13.32,13.5,13.23,13.3,2620846,1d
2025-09-02 10:00:00,13.3,13.49,13.3,13.32,1438439,1d
2025-09-03 10:00:00,13.32,13.4,13.0,13.05,4493316,1d
2025-09-07 10:00:00,13.05,13.37,12.8,13.05,2276076,1d
2025-09-08 10:00:00,13.05,13.4,13.0,13.14,4702021,1d
2025-09-09 10:00:00,13.14,13.42,13.13,13.15,3054796,1d
2025-09-10 10:00:00,13.15,13.4,13.05,13.3,3229839,1d
2025-09-11 10:00:00,13.3,13.99,13.21,13.65,6017122,1d
2025-09-14 10:00:00,13.65,13.8,13.55,13.7,2557773,1d
2025-09-15 10:00:00,13.7,13.8,13.2,13.41,4517568,1d
2025-09-16 10:00:00,13.41,13.5,13.09,13.46,2167427,1d
2025-09-17 10:00:00,13.46,13.47,13.1,13.3,5359326,1d
2025-09-18 10:00:00,13.3,13.42,13.1,13.11,7646783,1d
2025-09-21 10:00:00,13.11,13.7,13.11,13.5,6215479,1d
2025-09-22 10:00:00,13.5,13.8,13.4,13.47,6481066,1d
2025-09-23 10:00:00,13.47,13.98,13.47,13.83,5875299,1d
2025-09-24 10:00:00,13.83,13.98,13.69,13.75,2295177,1d
2025-09-25 10:00:00,13.75,13.9,13.75,13.8,2107204,1d
2025-09-28 10:00:00,13.8,13.96,13.71,13.9,1361368,1d
2025-09-29 10:00:00,13.9,14.3,13.82,14.27,9732538,1d
2025-09-30 10:00:00,14.27,14.55,14.08,14.2,4564815,1d
2025-10-01 10:00:00,14.2,14.43,14.1,14.2,6575596,1d
2025-10-02 10:00:00,14.2,14.7,14.18,14.51,11478355,1d
2025-10-05 10:00:00,14.51,14.73,14.51,14.61,1813321,1d
2025-10-06 10:00:00,14.61,14.97,14.41,14.78,2717065,1d
2025-10-07 10:00:00,14.78,14.82,14.51,14.6,2028431,1d
2025-10-08 10:00:00,14.6,14.74,14.39,14.72,2620425,1d
2025-10-12 10:00:00,14.72,14.72,14.4,14.69,3423281,1d
2025-10-13 10:00:00,14.69,14.7,14.36,14.6,4251368,1d
2025-10-14 10:00:00,14.6,14.73,14.4,14.4,8012069,1d
2025-10-15 10:00:00,14.4,14.49,13.9,14.25,21440355,1d
2025-10-16 10:00:00,14.25,14.41,14.23,14.33,15922782,1d
2025-10-19 10:00:00,14.33,14.43,14.28,14.36,4893613,1d
2025-10-20 10:00:00,14.36,14.4,14.25,14.25,3458966,1d
2025-10-21 10:00:00,14.25,14.4,14.25,14.31,15069846,1d
2025-10-22 10:00:00,14.31,14.4,14.23,14.3,5058291,1d
2025-10-23 10:00:00,14.3,14.47,14.22,14.4,5832327,1d
2025-10-26 10:00:00,14.4,14.47,14.32,14.37,2944965,1d
2025-10-27 10:00:00,14.37,14.7,14.35,14.66,16621793,1d
2025-10-28 10:00:00,14.66,14.7,14.48,14.6,2527028,1d
2025-10-29 10:00:00,14.6,14.67,14.5,14.57,1445931,1d
2025-10-30 10:00:00,14.57,14.9,14.5,14.6,68469604,1d
2025-11-02 10:00:00,14.6,14.79,14.38,14.45,2443886,1d
2025-11-03 10:00:00,14.45,14.63,14.2,14.3,7201315,1d
2025-11-04 10:00:00,14.3,14.57,14.3,14.57,8778345,1d
2025-11-05 10:00:00,14.57,14.65,14.3,14.3,4995814,1d
2025-11-06 10:00:00,14.3,15.5,14.3,15.38,20306930,1d
2025-11-09 10:00:00,15.38,16.1,15.38,16.0,10856685,1d
2025-11-10 10:00:00,16.0,16.1,15.29,15.5,16943290,1d
2025-11-11 10:00:00,15.5,15.64,15.15,15.15,7613409,1d
2025-11-12 10:00:00,15.15,15.35,14.98,15.17,18904645,1d
2025-11-13 10:00:00,15.17,15.42,15.0,15.22,25142437,1d
2025-11-16 10:00:00,15.22,15.73,15.15,15.7,16757954,1d
2025-11-17 10:00:00,15.7,16.1,15.7,15.96,16504756,1d
2025-11-18 10:00:00,15.96,15.99,15.49,15.51,8894931,1d
2025-11-19 10:00:00,15.51,15.75,15.31,15.55,9155721,1d
2025-11-20 10:00:00,15.55,15.79,15.3,15.3,7404001,1d
2025-11-23 10:00:00,15.3,15.6,15.3,15.37,2418895,1d
2025-11-24 10:00:00,15.37,15.49,15.0,15.0,12531716,1d
2025-11-25 10:00:00,15.0,15.26,14.77,14.78,4231202,1d
2025-11-26 10:00:00,14.78,15.15,14.6,14.64,3213327,1d
2025-11-27 10:00:00,14.64,14.97,14.64,14.95,11174779,1d
2025-11-30 10:00:00,14.95,15.51,14.95,15.5,4845202,1d
2025-12-01 10:00:00,15.5,15.75,15.36,15.4,4042565,1d
2025-12-02 10:00:00,15.45,15.55,15.12,15.25,2155592,1d
2025-12-03 10:00:00,15.25,15.48,15.12,15.21,3690439,1d
2025-12-04 10:00:00,15.21,15.4,15.2,15.21,2748487,1d
2025-12-07 10:00:00,15.21,15.72,15.21,15.71,6581013,1d
2025-12-08 10:00:00,15.71,16.2,15.71,16.05,14834936,1d
2025-12-09 10:00:00,16.05,16.24,15.73,15.89,3711792,1d
2025-12-10 10:00:00,15.89,16.27,15.8,16.2,7559843,1d
2025-12-11 10:00:00,16.2,16.64,16.2,16.2,8548483,1d
